<?xml version="1.0" encoding="utf-8" standalone="yes"?>
<rss version="2.0" xmlns:atom="http://www.w3.org/2005/Atom">
  <channel>
    <title>营造法式 on 美能拯救世界</title>
    <link>http://www.taosei.com/tags/%E8%90%A5%E9%80%A0%E6%B3%95%E5%BC%8F/</link>
    <description>Recent content in 营造法式 on 美能拯救世界</description>
    <generator>Hugo -- gohugo.io</generator>
    <language>zh-CN</language>
    <lastBuildDate>Thu, 05 Mar 2020 11:15:01 +0800</lastBuildDate>
    
	<atom:link href="http://www.taosei.com/tags/%E8%90%A5%E9%80%A0%E6%B3%95%E5%BC%8F/index.xml" rel="self" type="application/rss+xml" />
    
    
    <item>
      <title>创意人的工具箱：2020软件推介</title>
      <link>http://www.taosei.com/blog/%E5%88%9B%E6%84%8F%E4%BA%BA%E7%9A%84%E5%B7%A5%E5%85%B7%E7%AE%B12020%E8%BD%AF%E4%BB%B6%E6%8E%A8%E4%BB%8B/</link>
      <pubDate>Thu, 05 Mar 2020 11:15:01 +0800</pubDate>
      
      <guid>http://www.taosei.com/blog/%E5%88%9B%E6%84%8F%E4%BA%BA%E7%9A%84%E5%B7%A5%E5%85%B7%E7%AE%B12020%E8%BD%AF%E4%BB%B6%E6%8E%A8%E4%BB%8B/</guid>
      <description>1、Day One ：Markdown 日志编辑器 傻瓜式的网页编辑器，破除了代码造成的壁垒，让内容编辑和上传变得简单直接。 这是2020年最常用也是最好用的工具 2、Dram</description>
    </item>
    
  </channel>
</rss>