<?xml version="1.0" encoding="utf-8" standalone="yes"?>
<rss version="2.0" xmlns:atom="http://www.w3.org/2005/Atom">
  <channel>
    <title>Categories on 美能拯救世界</title>
    <link>http://www.taosei.com/categories/</link>
    <description>Recent content in Categories on 美能拯救世界</description>
    <generator>Hugo -- gohugo.io</generator>
    <language>zh-CN</language>
    
	<atom:link href="http://www.taosei.com/categories/index.xml" rel="self" type="application/rss+xml" />
    
    
  </channel>
</rss>