<?xml version="1.0" encoding="utf-8" standalone="yes"?>
<rss version="2.0" xmlns:atom="http://www.w3.org/2005/Atom">
  <channel>
    <title>视觉设计 on 美能拯救世界</title>
    <link>http://www.taosei.com/tags/%E8%A7%86%E8%A7%89%E8%AE%BE%E8%AE%A1/</link>
    <description>Recent content in 视觉设计 on 美能拯救世界</description>
    <generator>Hugo -- gohugo.io</generator>
    <language>zh-CN</language>
    <lastBuildDate>Thu, 05 Mar 2020 11:15:01 +0800</lastBuildDate>
    
	<atom:link href="http://www.taosei.com/tags/%E8%A7%86%E8%A7%89%E8%AE%BE%E8%AE%A1/index.xml" rel="self" type="application/rss+xml" />
    
    
    <item>
      <title>创意人的工具箱：2020软件推介</title>
      <link>http://www.taosei.com/blog/%E5%88%9B%E6%84%8F%E4%BA%BA%E7%9A%84%E5%B7%A5%E5%85%B7%E7%AE%B12020%E8%BD%AF%E4%BB%B6%E6%8E%A8%E4%BB%8B/</link>
      <pubDate>Thu, 05 Mar 2020 11:15:01 +0800</pubDate>
      
      <guid>http://www.taosei.com/blog/%E5%88%9B%E6%84%8F%E4%BA%BA%E7%9A%84%E5%B7%A5%E5%85%B7%E7%AE%B12020%E8%BD%AF%E4%BB%B6%E6%8E%A8%E4%BB%8B/</guid>
      <description>1、Day One ：Markdown 日志编辑器 傻瓜式的网页编辑器，破除了代码造成的壁垒，让内容编辑和上传变得简单直接。 这是2020年最常用也是最好用的工具 2、Dram</description>
    </item>
    
    <item>
      <title>「视觉设计」 艺术拍卖 界面视觉设计</title>
      <link>http://www.taosei.com/blog/%E8%A7%86%E8%A7%89%E8%AE%BE%E8%AE%A1-%E8%89%BA%E6%9C%AF%E6%8B%8D%E5%8D%96-%E7%95%8C%E9%9D%A2%E8%A7%86%E8%A7%89%E8%AE%BE%E8%AE%A1/</link>
      <pubDate>Thu, 05 Mar 2020 10:41:28 +0800</pubDate>
      
      <guid>http://www.taosei.com/blog/%E8%A7%86%E8%A7%89%E8%AE%BE%E8%AE%A1-%E8%89%BA%E6%9C%AF%E6%8B%8D%E5%8D%96-%E7%95%8C%E9%9D%A2%E8%A7%86%E8%A7%89%E8%AE%BE%E8%AE%A1/</guid>
      <description>Project Review： 2015年为所服务的艺术品拍卖公司设计的拍卖系统界面。那个时候，并没有小程序，很多的App甚至都并不成熟，伙同程序员同事怀着对艺术的一腔热情开始</description>
    </item>
    
    <item>
      <title>天然奇瑰 女性艺术项目</title>
      <link>http://www.taosei.com/blog/%E8%A7%86%E8%A7%89%E8%AE%BE%E8%AE%A1%E5%A4%A9%E7%84%B6%E5%A5%87%E7%91%B0-%E5%A5%B3%E6%80%A7%E8%89%BA%E6%9C%AF%E9%A1%B9%E7%9B%AE/</link>
      <pubDate>Thu, 05 Mar 2020 10:34:08 +0800</pubDate>
      
      <guid>http://www.taosei.com/blog/%E8%A7%86%E8%A7%89%E8%AE%BE%E8%AE%A1%E5%A4%A9%E7%84%B6%E5%A5%87%E7%91%B0-%E5%A5%B3%E6%80%A7%E8%89%BA%E6%9C%AF%E9%A1%B9%E7%9B%AE/</guid>
      <description>黑夜给了我黑色的眼睛，我却用它寻找光明 Art Project Review： 我用镜头和画笔跟随了这五位艺术家近一年时间，看到她们的爱与怕，也看到她们透过艺术去理解生命、生活和灵魂。</description>
    </item>
    
    <item>
      <title>一口气吞山河</title>
      <link>http://www.taosei.com/blog/%E8%A7%86%E8%A7%89%E8%AE%BE%E8%AE%A1%E4%B8%80%E5%8F%A3%E6%B0%94%E5%90%9E%E5%B1%B1%E6%B2%B3/</link>
      <pubDate>Thu, 05 Mar 2020 09:34:04 +0800</pubDate>
      
      <guid>http://www.taosei.com/blog/%E8%A7%86%E8%A7%89%E8%AE%BE%E8%AE%A1%E4%B8%80%E5%8F%A3%E6%B0%94%E5%90%9E%E5%B1%B1%E6%B2%B3/</guid>
      <description>这是一个创意公司对于传统月饼礼盒的思考与创新 从概念创意，从文案到视觉；再到产品、包装结构设计；从产品品质选择与把控到产品视觉呈现的一个完整流程尝试。以月为灵感，</description>
    </item>
    
  </channel>
</rss>