<?xml version="1.0" encoding="utf-8" standalone="yes"?>
<rss version="2.0" xmlns:atom="http://www.w3.org/2005/Atom">
  <channel>
    <title>浮生六记 on 美能拯救世界</title>
    <link>http://www.taosei.com/tags/%E6%B5%AE%E7%94%9F%E5%85%AD%E8%AE%B0/</link>
    <description>Recent content in 浮生六记 on 美能拯救世界</description>
    <generator>Hugo -- gohugo.io</generator>
    <language>zh-CN</language>
    <lastBuildDate>Wed, 11 Mar 2020 11:42:42 +0800</lastBuildDate>
    
	<atom:link href="http://www.taosei.com/tags/%E6%B5%AE%E7%94%9F%E5%85%AD%E8%AE%B0/index.xml" rel="self" type="application/rss+xml" />
    
    
    <item>
      <title>「摄影作品」2019</title>
      <link>http://www.taosei.com/blog/%E6%91%84%E5%BD%B1%E4%BD%9C%E5%93%812019/</link>
      <pubDate>Wed, 11 Mar 2020 11:42:42 +0800</pubDate>
      
      <guid>http://www.taosei.com/blog/%E6%91%84%E5%BD%B1%E4%BD%9C%E5%93%812019/</guid>
      <description>光影、角落、时光、气味，透过镜头的捕捉，2019这一年的故事娓娓道来…… 你看，远处这一片云哭了 太湖的南岸藏着一个桃花岛 外滩被迷雾笼罩出了忧郁的气息 每一个爱书人都</description>
    </item>
    
    <item>
      <title>夸道治百病</title>
      <link>http://www.taosei.com/blog/%E5%A4%B8%E9%81%93%E6%B2%BB%E7%99%BE%E7%97%85/</link>
      <pubDate>Wed, 01 Jan 2020 15:26:01 +0800</pubDate>
      
      <guid>http://www.taosei.com/blog/%E5%A4%B8%E9%81%93%E6%B2%BB%E7%99%BE%E7%97%85/</guid>
      <description>出将入相，天地君亲师、仁义礼智信； 足不出户，妇道、夫道、子女道； 修身、齐家、治国平天下。修身且不论，治天下与小老百姓相去甚远，难点还是在齐家，你我皆如此。 窃以为</description>
    </item>
    
    <item>
      <title>十年一觉芭蕾梦</title>
      <link>http://www.taosei.com/blog/%E5%8D%81%E5%B9%B4%E4%B8%80%E8%A7%89%E8%8A%AD%E8%95%BE%E6%A2%A6/</link>
      <pubDate>Mon, 17 Sep 2018 22:19:59 +0800</pubDate>
      
      <guid>http://www.taosei.com/blog/%E5%8D%81%E5%B9%B4%E4%B8%80%E8%A7%89%E8%8A%AD%E8%95%BE%E6%A2%A6/</guid>
      <description>缘起天鹅湖 第一次接触到真正意义上的芭蕾，那是在大学的课堂上。我们的专业课里⾯，有⼀⻔课叫做“舞蹈概论”，授课老师曾经是一名专业的芭蕾舞演员，她在课堂上给我们放了</description>
    </item>
    
    <item>
      <title>人物的塑造</title>
      <link>http://www.taosei.com/blog/%E4%BA%BA%E7%89%A9%E7%9A%84%E5%A1%91%E9%80%A0/</link>
      <pubDate>Mon, 02 Nov 2015 17:27:03 +0800</pubDate>
      
      <guid>http://www.taosei.com/blog/%E4%BA%BA%E7%89%A9%E7%9A%84%E5%A1%91%E9%80%A0/</guid>
      <description>上学的时候，学过一门编剧课，老师推荐了一本奇书——《故事》 很多好书都是貌不惊人，但是其中的智慧却实实在在让人欲罢不能。 人物真相只有当一个人处于压力之下做出选择时</description>
    </item>
    
    <item>
      <title>桃叶类卿</title>
      <link>http://www.taosei.com/blog/%E6%A1%83%E5%8F%B6%E7%B1%BB%E5%8D%BF/</link>
      <pubDate>Sun, 15 Dec 2013 17:46:16 +0800</pubDate>
      
      <guid>http://www.taosei.com/blog/%E6%A1%83%E5%8F%B6%E7%B1%BB%E5%8D%BF/</guid>
      <description>&amp;ldquo;桃叶复桃叶，渡江不用楫；但渡无所苦，我自迎接汝。&amp;rdquo; &amp;mdash;- 王献之《桃叶歌》 王献之(344-386)，字子敬。东晋著名书法家，王羲之第七子。 由</description>
    </item>
    
    <item>
      <title>笑红尘</title>
      <link>http://www.taosei.com/blog/%E7%AC%91%E7%BA%A2%E5%B0%98/</link>
      <pubDate>Tue, 26 Nov 2013 17:20:47 +0800</pubDate>
      
      <guid>http://www.taosei.com/blog/%E7%AC%91%E7%BA%A2%E5%B0%98/</guid>
      <description>最爱古龙，绝情之处见多情；绝不低头又自暴自弃；重酒重色亦重友情。 文字中但见简练，无一字缀语。 气度非凡，英雄落寞；小李飞刀成绝响，世间不见楚留香。 者边走，那边走，</description>
    </item>
    
    <item>
      <title>第八号当铺</title>
      <link>http://www.taosei.com/blog/%E7%AC%AC%E5%85%AB%E5%8F%B7%E5%BD%93%E9%93%BA/</link>
      <pubDate>Sat, 23 Nov 2013 21:23:50 +0800</pubDate>
      
      <guid>http://www.taosei.com/blog/%E7%AC%AC%E5%85%AB%E5%8F%B7%E5%BD%93%E9%93%BA/</guid>
      <description>如果世界是平衡的话，那么得到任何东西就意味着牺牲了同样多的东西。 传说中有个第八号当铺，在那里，你可以典当你的一切所有，包括生命，亲情和爱情。 有的人为了扬名立万当</description>
    </item>
    
    <item>
      <title>诗 散行北海</title>
      <link>http://www.taosei.com/blog/%E8%AF%97-%E6%95%A3%E8%A1%8C%E5%8C%97%E6%B5%B7/</link>
      <pubDate>Mon, 01 Oct 2012 13:12:32 +0800</pubDate>
      
      <guid>http://www.taosei.com/blog/%E8%AF%97-%E6%95%A3%E8%A1%8C%E5%8C%97%E6%B5%B7/</guid>
      <description>秋风未肃绿未夭 柔光抚柳影窈窕 白塔残荷遥相对 孤舟泊岸绿水悄 曾经在北海边上，故宫后面的一个大院里工作过短暂的一段时间。在一个庞大机构中工作，感受到的是无比的不自在。</description>
    </item>
    
  </channel>
</rss>