<?xml version="1.0" encoding="utf-8" standalone="yes"?>
<rss version="2.0" xmlns:atom="http://www.w3.org/2005/Atom">
  <channel>
    <title>Tags on 美能拯救世界</title>
    <link>http://www.taosei.com/tags/</link>
    <description>Recent content in Tags on 美能拯救世界</description>
    <generator>Hugo -- gohugo.io</generator>
    <language>zh-CN</language>
    <lastBuildDate>Sat, 14 Mar 2020 17:42:55 +0800</lastBuildDate>
    
	<atom:link href="http://www.taosei.com/tags/index.xml" rel="self" type="application/rss+xml" />
    
    
    <item>
      <title>广告文案</title>
      <link>http://www.taosei.com/tags/%E5%B9%BF%E5%91%8A%E6%96%87%E6%A1%88/</link>
      <pubDate>Sat, 14 Mar 2020 17:42:55 +0800</pubDate>
      
      <guid>http://www.taosei.com/tags/%E5%B9%BF%E5%91%8A%E6%96%87%E6%A1%88/</guid>
      <description></description>
    </item>
    
    <item>
      <title>文墨可爱</title>
      <link>http://www.taosei.com/tags/%E6%96%87%E5%A2%A8%E5%8F%AF%E7%88%B1/</link>
      <pubDate>Sat, 14 Mar 2020 17:42:55 +0800</pubDate>
      
      <guid>http://www.taosei.com/tags/%E6%96%87%E5%A2%A8%E5%8F%AF%E7%88%B1/</guid>
      <description></description>
    </item>
    
    <item>
      <title>浮生六记</title>
      <link>http://www.taosei.com/tags/%E6%B5%AE%E7%94%9F%E5%85%AD%E8%AE%B0/</link>
      <pubDate>Wed, 11 Mar 2020 11:42:42 +0800</pubDate>
      
      <guid>http://www.taosei.com/tags/%E6%B5%AE%E7%94%9F%E5%85%AD%E8%AE%B0/</guid>
      <description></description>
    </item>
    
    <item>
      <title>营造法式</title>
      <link>http://www.taosei.com/tags/%E8%90%A5%E9%80%A0%E6%B3%95%E5%BC%8F/</link>
      <pubDate>Thu, 05 Mar 2020 11:15:01 +0800</pubDate>
      
      <guid>http://www.taosei.com/tags/%E8%90%A5%E9%80%A0%E6%B3%95%E5%BC%8F/</guid>
      <description></description>
    </item>
    
    <item>
      <title>视觉设计</title>
      <link>http://www.taosei.com/tags/%E8%A7%86%E8%A7%89%E8%AE%BE%E8%AE%A1/</link>
      <pubDate>Thu, 05 Mar 2020 11:15:01 +0800</pubDate>
      
      <guid>http://www.taosei.com/tags/%E8%A7%86%E8%A7%89%E8%AE%BE%E8%AE%A1/</guid>
      <description></description>
    </item>
    
    <item>
      <title>译生译世</title>
      <link>http://www.taosei.com/tags/%E8%AF%91%E7%94%9F%E8%AF%91%E4%B8%96/</link>
      <pubDate>Wed, 26 Feb 2020 16:02:27 +0800</pubDate>
      
      <guid>http://www.taosei.com/tags/%E8%AF%91%E7%94%9F%E8%AF%91%E4%B8%96/</guid>
      <description></description>
    </item>
    
    <item>
      <title>艺文小论</title>
      <link>http://www.taosei.com/tags/%E8%89%BA%E6%96%87%E5%B0%8F%E8%AE%BA/</link>
      <pubDate>Mon, 02 Nov 2015 17:27:03 +0800</pubDate>
      
      <guid>http://www.taosei.com/tags/%E8%89%BA%E6%96%87%E5%B0%8F%E8%AE%BA/</guid>
      <description></description>
    </item>
    
  </channel>
</rss>