<?xml version="1.0" encoding="utf-8" standalone="yes"?>
<rss version="2.0" xmlns:atom="http://www.w3.org/2005/Atom">
  <channel>
    <title>文墨可爱 on 美能拯救世界</title>
    <link>http://www.taosei.com/tags/%E6%96%87%E5%A2%A8%E5%8F%AF%E7%88%B1/</link>
    <description>Recent content in 文墨可爱 on 美能拯救世界</description>
    <generator>Hugo -- gohugo.io</generator>
    <language>zh-CN</language>
    <lastBuildDate>Sat, 14 Mar 2020 17:42:55 +0800</lastBuildDate>
    
	<atom:link href="http://www.taosei.com/tags/%E6%96%87%E5%A2%A8%E5%8F%AF%E7%88%B1/index.xml" rel="self" type="application/rss+xml" />
    
    
    <item>
      <title>在滚滚红尘中温润你的日子</title>
      <link>http://www.taosei.com/blog/%E5%B9%BF%E5%91%8A%E6%96%87%E6%A1%88%E5%9C%A8%E6%BB%9A%E6%BB%9A%E7%BA%A2%E5%B0%98%E4%B8%AD%E6%B8%A9%E6%B6%A6%E4%BD%A0%E7%9A%84%E6%97%A5%E5%AD%90/</link>
      <pubDate>Sat, 14 Mar 2020 17:42:55 +0800</pubDate>
      
      <guid>http://www.taosei.com/blog/%E5%B9%BF%E5%91%8A%E6%96%87%E6%A1%88%E5%9C%A8%E6%BB%9A%E6%BB%9A%E7%BA%A2%E5%B0%98%E4%B8%AD%E6%B8%A9%E6%B6%A6%E4%BD%A0%E7%9A%84%E6%97%A5%E5%AD%90/</guid>
      <description>这个时代变化太快，棱角太锋利，我们都像被加速了一般，掉进这个时代的滚滚红尘中。越来越感觉到，时间似乎不是匀速的，它应该是以某一种加速度不断地呈指数型流失。 小时候</description>
    </item>
    
    <item>
      <title>诗  何必途中相见</title>
      <link>http://www.taosei.com/blog/%E8%AF%97-%E4%BD%95%E5%BF%85%E9%80%94%E4%B8%AD%E7%9B%B8%E8%A7%81/</link>
      <pubDate>Wed, 26 Feb 2020 17:18:04 +0800</pubDate>
      
      <guid>http://www.taosei.com/blog/%E8%AF%97-%E4%BD%95%E5%BF%85%E9%80%94%E4%B8%AD%E7%9B%B8%E8%A7%81/</guid>
      <description>佛光虹影 未知世人心 六道轮回十界苦 不问是缘是劫 语默动静 山野孤樵独酌 般若自在心间 何必途中相见</description>
    </item>
    
    <item>
      <title>After long silence 译 叶芝的诗</title>
      <link>http://www.taosei.com/blog/after-long-silence-/</link>
      <pubDate>Wed, 26 Feb 2020 16:02:27 +0800</pubDate>
      
      <guid>http://www.taosei.com/blog/after-long-silence-/</guid>
      <description>Speech after long silence; it is right, All other lovers being estranged or dead, Unfriendly lamplight hid under its shade, The curtains drawn upon unfriendly night, That we descant and yet again descant Upon the supreme theme of Art and Song: Bodily decrepitude is wisdom; young We loved each other and were ignorant. 沉默许久后 我们互相吐露心声 是的，曾经的爱人相互疏远和离</description>
    </item>
    
    <item>
      <title>So We’ll Go No More a Roving 译 拜伦的诗</title>
      <link>http://www.taosei.com/blog/so-well-go-no-more-a-roving-/</link>
      <pubDate>Sat, 11 Jan 2020 16:33:02 +0800</pubDate>
      
      <guid>http://www.taosei.com/blog/so-well-go-no-more-a-roving-/</guid>
      <description>浮世寻游已不再 拜伦 So, we&amp;rsquo;ll go no more a-roving So late into the night, Though the heart be still as loving, And the moon be still as bright. 浮世寻游已不再 夜深如幻 尽管内心依然有爱 尽管皓月依然明媚 For the sword outwears its sheath, And the soul wears out the breast, And the heart must pause to</description>
    </item>
    
    <item>
      <title>夸道治百病</title>
      <link>http://www.taosei.com/blog/%E5%A4%B8%E9%81%93%E6%B2%BB%E7%99%BE%E7%97%85/</link>
      <pubDate>Wed, 01 Jan 2020 15:26:01 +0800</pubDate>
      
      <guid>http://www.taosei.com/blog/%E5%A4%B8%E9%81%93%E6%B2%BB%E7%99%BE%E7%97%85/</guid>
      <description>出将入相，天地君亲师、仁义礼智信； 足不出户，妇道、夫道、子女道； 修身、齐家、治国平天下。修身且不论，治天下与小老百姓相去甚远，难点还是在齐家，你我皆如此。 窃以为</description>
    </item>
    
    <item>
      <title>诗  老去的诗人和迟来的乌尔里卡</title>
      <link>http://www.taosei.com/blog/%E8%AF%97-%E8%80%81%E5%8E%BB%E7%9A%84%E8%AF%97%E4%BA%BA%E5%92%8C%E8%BF%9F%E6%9D%A5%E7%9A%84%E4%B9%8C%E5%B0%94%E9%87%8C%E5%8D%A1/</link>
      <pubDate>Thu, 23 May 2019 17:39:08 +0800</pubDate>
      
      <guid>http://www.taosei.com/blog/%E8%AF%97-%E8%80%81%E5%8E%BB%E7%9A%84%E8%AF%97%E4%BA%BA%E5%92%8C%E8%BF%9F%E6%9D%A5%E7%9A%84%E4%B9%8C%E5%B0%94%E9%87%8C%E5%8D%A1/</guid>
      <description>乌尔里卡来的太晚 晚到诗人盲了双目 松弛了指节 迟来的乌尔里卡 如果他的眼没有盲 就会发现 你的面孔 美得像一首等待描绘的诗 时间如同沙漏的沙粒一般流逝 地老天荒的爱在幽暗中荡漾</description>
    </item>
    
    <item>
      <title>I like for you to be still 译聂鲁达的诗</title>
      <link>http://www.taosei.com/blog/i-like-for-you-to-be-still/</link>
      <pubDate>Wed, 09 Sep 2015 21:09:44 +0800</pubDate>
      
      <guid>http://www.taosei.com/blog/i-like-for-you-to-be-still/</guid>
      <description>I like for you to be still: it is as though you are absent and you hear me from far away and my voice does not touch you It seems as though your eyes had flown away and it seems that a kiss had sealed your mouth as all things are filled with my soul your emerge from the things, fill with my soul you are like my soul, a butterfly of dreams and you are like the word melancholy</description>
    </item>
    
    <item>
      <title>I do not love you except because I love you 译 聂鲁达的诗</title>
      <link>http://www.taosei.com/blog/i-do-not-love-you-except-because-i-love-you/</link>
      <pubDate>Fri, 29 Nov 2013 16:33:27 +0800</pubDate>
      
      <guid>http://www.taosei.com/blog/i-do-not-love-you-except-because-i-love-you/</guid>
      <description>I do not love you except because I love you; I go from loving to not loving you, From waiting to not waiting for you My heart moves from cold to fire. 我不爱你，只因我曾深爱你 从爱你到不再爱你 从等待到不再等待 我的心从寒冷到温暖 I love you only because it&amp;rsquo;s you the one I love;</description>
    </item>
    
    <item>
      <title>And it was at that age ... Poetry arrived 译 聂鲁达的诗</title>
      <link>http://www.taosei.com/blog/and-it-was-at-that-age-...-poetry-arrived/</link>
      <pubDate>Tue, 26 Nov 2013 16:50:03 +0800</pubDate>
      
      <guid>http://www.taosei.com/blog/and-it-was-at-that-age-...-poetry-arrived/</guid>
      <description>And it was at that age &amp;hellip; Poetry arrived in search of me. I don&amp;rsquo;t know, I don&amp;rsquo;t know where it came from, from winter or a river. I don&amp;rsquo;t know how or when, no they were not voices, they were not. words, nor silence, but from a street I was summoned, from the branches of night, abruptly from the others, among violent fires, or returning alone, there I was without a face and it touched me. 那年那</description>
    </item>
    
    <item>
      <title>when you are old 译 叶芝的诗</title>
      <link>http://www.taosei.com/blog/when-you-are-old/</link>
      <pubDate>Sat, 26 Oct 2013 17:02:09 +0800</pubDate>
      
      <guid>http://www.taosei.com/blog/when-you-are-old/</guid>
      <description>When you are old and grey and full of sleep, And nodding by the fire, take down this book, And slowly read, and dream of the soft look Your eyes had once, and of their shadows deep; How many loved your moments of glad grace, And loved your beauty with love false or true, But one man loved the pilgrim Soul in you, And loved the sorrows of your changing face; And bending down beside the glowing bars, Murmur, a</description>
    </item>
    
    <item>
      <title>How to grow old 译 罗素的文字</title>
      <link>http://www.taosei.com/blog/how-to-grow-old-/</link>
      <pubDate>Tue, 26 Feb 2013 17:06:52 +0800</pubDate>
      
      <guid>http://www.taosei.com/blog/how-to-grow-old-/</guid>
      <description>原文 “Until bit by bit the walls of the ego recede, and your life become increasingly merged in the universal life, and rushing passionately past boulders and over waterfalls. Gradually the river grows wider, the banks recede, the waters flow more quietly, and in the end. Without any visible break, they become merged in the ocean, and painlessly lose their individual being. The man who, in old age, can see his life in this</description>
    </item>
    
    <item>
      <title>诗 散行北海</title>
      <link>http://www.taosei.com/blog/%E8%AF%97-%E6%95%A3%E8%A1%8C%E5%8C%97%E6%B5%B7/</link>
      <pubDate>Mon, 01 Oct 2012 13:12:32 +0800</pubDate>
      
      <guid>http://www.taosei.com/blog/%E8%AF%97-%E6%95%A3%E8%A1%8C%E5%8C%97%E6%B5%B7/</guid>
      <description>秋风未肃绿未夭 柔光抚柳影窈窕 白塔残荷遥相对 孤舟泊岸绿水悄 曾经在北海边上，故宫后面的一个大院里工作过短暂的一段时间。在一个庞大机构中工作，感受到的是无比的不自在。</description>
    </item>
    
    <item>
      <title>Here I love you  译聂鲁达的诗</title>
      <link>http://www.taosei.com/blog/here-i-love-you/</link>
      <pubDate>Sat, 01 Oct 2011 15:05:04 +0800</pubDate>
      
      <guid>http://www.taosei.com/blog/here-i-love-you/</guid>
      <description>Here I love you. In the dark pines the wind disentangles itself. The moon glows like phosphorus on the vagrant waters. Days, all one kind, go chasing each other. The snow unfurls in dancing figures. A silver gull slips down from the west. Sometimes a sail. High, high stars. Oh the black cross of a ship. Alone. 我在这里爱你 在树影婆娑的昏暗中放开自己 如月光映</description>
    </item>
    
    <item>
      <title>诗  灵魂中的另一个你</title>
      <link>http://www.taosei.com/blog/%E8%AF%97-%E7%81%B5%E9%AD%82%E4%B8%AD%E7%9A%84%E5%8F%A6%E4%B8%80%E4%B8%AA%E4%BD%A0/</link>
      <pubDate>Sat, 06 Nov 2010 17:16:19 +0800</pubDate>
      
      <guid>http://www.taosei.com/blog/%E8%AF%97-%E7%81%B5%E9%AD%82%E4%B8%AD%E7%9A%84%E5%8F%A6%E4%B8%80%E4%B8%AA%E4%BD%A0/</guid>
      <description>灵魂中的另一个你 我的血液里流淌着无数人的生命 只要稍稍用心便能全部想起 缘自血液的爱 牵动了每一根神经 前尘往事轮回在心里 牵扯不断的回忆 仿佛躯体之中还有另外一个你 从来不</description>
    </item>
    
    <item>
      <title>2019 写字游戏 Review  （上）</title>
      <link>http://www.taosei.com/blog/2019-%E5%86%99%E5%AD%97%E6%B8%B8%E6%88%8F-review%E4%B8%8A/</link>
      <pubDate>Mon, 01 Jan 0001 00:00:00 +0000</pubDate>
      
      <guid>http://www.taosei.com/blog/2019-%E5%86%99%E5%AD%97%E6%B8%B8%E6%88%8F-review%E4%B8%8A/</guid>
      <description>2019，走南闯北到处奔波的一年，笔墨是我安放内心的小宇宙，旅途幸苦，幸有笔墨随我悠游～</description>
    </item>
    
    <item>
      <title>2019 写字游戏 Review （下）</title>
      <link>http://www.taosei.com/blog/2019-%E5%86%99%E5%AD%97%E6%B8%B8%E6%88%8F-review-%E4%B8%8B/</link>
      <pubDate>Mon, 01 Jan 0001 00:00:00 +0000</pubDate>
      
      <guid>http://www.taosei.com/blog/2019-%E5%86%99%E5%AD%97%E6%B8%B8%E6%88%8F-review-%E4%B8%8B/</guid>
      <description>于浩瀚书海，我对临帖的态度是，人尽可夫～</description>
    </item>
    
  </channel>
</rss>