<?xml version="1.0" encoding="utf-8" standalone="yes"?>
<rss version="2.0" xmlns:atom="http://www.w3.org/2005/Atom">
  <channel>
    <title>Get In Touch on 美能拯救世界</title>
    <link>http://www.taosei.com/contact/</link>
    <description>Recent content in Get In Touch on 美能拯救世界</description>
    <generator>Hugo -- gohugo.io</generator>
    <language>zh-CN</language>
    <lastBuildDate>Tue, 29 Oct 2019 13:49:23 +0600</lastBuildDate>
    
	<atom:link href="http://www.taosei.com/contact/index.xml" rel="self" type="application/rss+xml" />
    
    
  </channel>
</rss>