[{"categories":null,"contents":"这个时代变化太快，棱角太锋利，我们都像被加速了一般，掉进这个时代的滚滚红尘中。越来越感觉到，时间似乎不是匀速的，它应该是以某一种加速度不断地呈指数型流失。\n小时候觉得人生漫长，千方百计的寻找各种事物来精卫填海，而年纪越长，越觉得时间飞逝，几乎很难再像儿时那样对事物保持好奇与童心。\n天地万物，时光漫长，好像无处不在，但又转瞬即逝；好像长生不老，但是时刻都在变老。 可是人生变换，总要有些事物，得以依存。可居可游，可通达，可证悟。\n那么应对时间的不老的法门，就是让自己被这个世界温润以待。 《礼记·聘义》：“夫昔者君子比德於玉焉，温润而泽仁也。” 自古以来，对于君子的至高评价，就是“谦谦君子，温润如玉”，一种温润的气质，透露出心地光明的天然同理心和如玉般坚定的底气。玉的光芒是凛于内而非形于外的，君子的这种温润气，能够润生万物，滋养众生。\n孔颖达疏：“温润而泽仁也者，言玉色温和柔润而光泽，仁者亦温和润泽，故云仁也。” “温润云仁”，而所谓仁，即是人无二心，也就是佛说的：“无缘大慈,同体大悲。”真正的慈悲心，是从人的本性里生发出来的，是清净而平等的，能够度一切苦厄，润泽万物众生。\n武义，一个十里荷塘，宣莲遍野，水雾氤氲，温泉滋养的地方。来自这里的农品物产，自然也带着这种温润气质。佛与莲，禅与茶是这个地方的地域特色，而这个气质温润的地方，很自然的孕育出了一个专属于这个地方的温润品牌——“武阳春雨”。\n很多人认识到这个品牌，是因为茶。茶字拆开，就是人在草木间，故而茶如人生，甘苦并重，恰到好处的调制才能带来“七泡有余香”的境界。其随着自身心境和脚步而变化，并不需动辄上达寰宇，下至天地，很多时候不过是希望点一盏灯，等一个人，共同度过一段不知道长短的温润日子。\n说白了，居时有其归，劳时有其位，闲时得其闲，便是自在温润的小日子。\n我们希望透过武阳春雨这个温润的品牌，去看到文化与清雅人生的双重深刻体认，这样才能在这个红尘滚滚的时代洪流中，安放自己的内心，让自己和自己周围的小世界变得柔软而温润。\n品一杯茶，尝一口宣莲子汤，十里荷塘边，雕栏之下，谈笑者本无所谓鸿儒白丁，天地万物皆值得被温柔以待，我们仅有的这每一个一去不复返的日子也值得被我们自己温润以待。\n在这个北风寒冷的时节，武阳春雨，带着我们对春天的期待，带着武义春雨润如酥的温润气，邀您共聚杭州，品一杯茶，尝一口宣莲。所来者皆雅士，从燕礼到雅聚或微醺，在武阳春雨的发布会和特装空间里，如玉君子相聚雅集，在这方寸之间，移步换景，天地万物，温润尽现。\n","permalink":"http://www.taosei.com/blog/%E5%B9%BF%E5%91%8A%E6%96%87%E6%A1%88%E5%9C%A8%E6%BB%9A%E6%BB%9A%E7%BA%A2%E5%B0%98%E4%B8%AD%E6%B8%A9%E6%B6%A6%E4%BD%A0%E7%9A%84%E6%97%A5%E5%AD%90/","tags":["文墨可爱","广告文案"],"title":"在滚滚红尘中温润你的日子"},{"categories":null,"contents":"光影、角落、时光、气味，透过镜头的捕捉，2019这一年的故事娓娓道来……\n你看，远处这一片云哭了\n太湖的南岸藏着一个桃花岛\n外滩被迷雾笼罩出了忧郁的气息\n每一个爱书人都想有一个霍格沃茨一样的藏书阁\n列车穿膛过，佛祖心中留\n那一天，数次穿越长江\nMid-town 给自己买了个房子当作礼物\n晓书馆的大屋顶\n山河岁月走过，与我干杯的人呢？\n","permalink":"http://www.taosei.com/blog/%E6%91%84%E5%BD%B1%E4%BD%9C%E5%93%812019/","tags":["浮生六记"],"title":"「摄影作品」2019"},{"categories":null,"contents":"1、Day One ：Markdown 日志编辑器 傻瓜式的网页编辑器，破除了代码造成的壁垒，让内容编辑和上传变得简单直接。\n这是2020年最常用也是最好用的工具\n2、Drama： 界面设计与界面动效集成软件 Sketch和Principle接了个婚，然后生下来一个Drama\n5G时代的来临，视觉设计动态化已成为时代大势所趋。Sketch这个轻量化的图形界面设计软件，其友好程度和易用性已经不必多言，这个软件在移动端界面设计领域已占据半壁江山，Principle作为配合Sketch实现动态化的软件，也是非常好用。\nDrama这个软件，将Sketch和Principle进行了完美的集成，将界面设计和页面动效可以同时进行编辑和效果预览。\n这是不是预示着未来的软件，会向更多的集成化和轻量化去优化改进？\n3、Zoommy ：图片搜索引擎 各大免费商用图库综合混搜引擎。 日常设计，写文字提升效率必备利器，好用程度不必多言。\n","permalink":"http://www.taosei.com/blog/%E5%88%9B%E6%84%8F%E4%BA%BA%E7%9A%84%E5%B7%A5%E5%85%B7%E7%AE%B12020%E8%BD%AF%E4%BB%B6%E6%8E%A8%E4%BB%8B/","tags":["营造法式","视觉设计"],"title":"创意人的工具箱：2020软件推介"},{"categories":null,"contents":"Project Review： 2015年为所服务的艺术品拍卖公司设计的拍卖系统界面。那个时候，并没有小程序，很多的App甚至都并不成熟，伙同程序员同事怀着对艺术的一腔热情开始了自己的尝试。\n视觉概念的成型，也预示着因为新生活阶段和一个新生命的来临终结了这份内心热爱的工作。于是，这个小作品就被搁置在时间里。\n","permalink":"http://www.taosei.com/blog/%E8%A7%86%E8%A7%89%E8%AE%BE%E8%AE%A1-%E8%89%BA%E6%9C%AF%E6%8B%8D%E5%8D%96-%E7%95%8C%E9%9D%A2%E8%A7%86%E8%A7%89%E8%AE%BE%E8%AE%A1/","tags":["视觉设计"],"title":"「视觉设计」 艺术拍卖 界面视觉设计"},{"categories":null,"contents":" 黑夜给了我黑色的眼睛，我却用它寻找光明\n Art Project Review： 我用镜头和画笔跟随了这五位艺术家近一年时间，看到她们的爱与怕，也看到她们透过艺术去理解生命、生活和灵魂。以此我认定一个女人的内心，其中必定暗藏一个波澜起伏无限大的世界。\n这个项目结束之后若干年，其中一位最美艳的艺术家自杀身亡。突然看到这个曾经投入热情的艺术项目中，携带者幽暗和无常，在瞬间即刻坠入深渊，听不到一点点微弱声响。如同一种死亡，也暗含了一种新生。\n带着对艺术的爱和观察，继续在这个世间无所作为。\n","permalink":"http://www.taosei.com/blog/%E8%A7%86%E8%A7%89%E8%AE%BE%E8%AE%A1%E5%A4%A9%E7%84%B6%E5%A5%87%E7%91%B0-%E5%A5%B3%E6%80%A7%E8%89%BA%E6%9C%AF%E9%A1%B9%E7%9B%AE/","tags":["视觉设计"],"title":"天然奇瑰 女性艺术项目"},{"categories":null,"contents":"南方有嘉木——茶字拆开，就是人在草木之间\n茶的起源最早在四川，在西汉文件中就有记载茶叶市场。饮茶习惯源于西南。\n宜室宜家、雅俗共赏，饮茶古来就是世俗生活的日常。\n 琴棋书画诗酒花 柴米油盐酱醋茶  茶是和柴米油盐归在一处，所以茶是和生活更接近的入手处。俗的无畏、雅的轻狂，一杯好茶敬无常，还不都是一副臭皮囊。\n 一茶一世界、应作如是观\n 茶也是一种人和人沟通的媒介，泡一杯茶，恭敬地端到面前，人和人之间的距离也就近了。茶是一种陪伴，一种连接，是文人来谈诗论道，与人与己相处的载体。为自己泡一杯茶，在日常的生活中，简单而郑重。\n古人在作诗、看花的时候，总有童子在旁候汤、侍茶。\n“品茶尝水，抵掌道古。以春茗相佐，竹炉沸声，时与空山松涛响答，致足乐也。”\n饮茶、品茶、赏茶：是我们彼此激发创造力，激发美的体验的过场。从看到茶，打开包装，闻茶香，再到煮水，烘茶、洗茶、泡茶、品茶。\n初见好茶就像初见爱情\n如人生初见，处处流美\n亦如会意印心，时时相知。\n初印茶，便藏着此般意境。\n","permalink":"http://www.taosei.com/blog/%E5%B9%BF%E5%91%8A%E6%96%87%E6%A1%88-%E5%88%9D%E8%A7%81%E5%8D%B0%E5%BF%83/","tags":["广告文案"],"title":"「广告文案」 初见印心"},{"categories":null,"contents":"一如鸡往寻好味 时值深秋，阿黄受够了伤秋的悲思，思友之心渐起，打飞的跑到海南文昌潭牛镇。\n走南闯北几十载，阿黄不说见了多少世面，朋友(鸡友)肯定是不少。当年混在一起的“鸡”友们现在都去海南的潭牛镇吹着海风喝着椰汁享受生活了，留下阿黄苦哈哈地走南闯北996。成日里东奔西跑，五劳七伤的阿黄迫不及待的要和鸡友们聚上一聚，喝上二两小酒吹吹牛聊聊天。\n众里寻鸡千百度，阿黄却在天涯海角灯火阑珊处。\n文昌鸡在最早是出自该县谭牛镇的一个天赐村，在这里“无鸡不成宴”，村道蜿蜒，农田连绵，树林茂密，村屋掩映其中，时不时能听到鸡鸣。村口矗立着大榕树，三五吊床悬在小树林中，村民们惬意地悠荡在上，听着鸡犬之声，喝着椰汁，悠闲度日，好不惬意，宛如桃花源。\n 桃源深处藏美味，鸡鸣之声遥相闻\n 天赐村盛长榕树，树籽富含营养，家鸡啄食后，体质极佳。数百年来，天赐村与文昌鸡建立了密不可分的联系，可谓天赐良“鸡”\n当地民谚称：“文昌鸡里潭牛冠，天赐鸡则冠潭牛。” 意为天赐村的文昌鸡是文昌最正宗、最地道的文昌鸡。\n【美名天子赠 美味天下闻】 相传明朝成化年间，文昌人邢宥在朝为官，借回乡探亲的机会，将家乡有名的谭牛鸡带回京师敬献天子品尝，皇帝吃后大加赞赏：“鸡出文化之乡，人杰地灵，文化昌盛，鸡亦香甜，真乃文昌鸡也！”天子一语天下传，“文昌鸡”之名也正式成为这种家养鸡的正式名称，而出产文昌鸡的小村子，也因为天子的赞赏而改名天赐村。\n【精于鸡道、花式吃鸡】\n 呦呦切克闹、海南鸡饭来一套\n 文昌鸡有个特点就是个体不大，重量大概在1.5千克左右，海南人吃文昌鸡的传统吃法就是白斩（也叫白切鸡），因为这样最能体现出文昌鸡的鲜嫩和原汁原味。同时在配上用鸡汤煮的鸡油米饭，油香扑鼻，三碗吃不够。 海南人吃文昌鸡的佐料是非常讲究的，蒜泥+酱油+桔子汁，酸甜的蘸料是美味的一半。\n盐焗鸡、腌鸡，椰汁鸡等也是常见吃法。 可盐可甜，丰俭由己 吃鸡套路多，随您心意选\n【文昌好鸡、天生骄傲】 不是所有的鸡都叫做文昌鸡 文昌鸡都由专业的饲养人员负责饲养，采用的是传统的文昌鸡饲养办法：散养，以及天然饲料喂养，可谓“古法”。“这样养出来的文昌鸡，那可是当年皇帝享用过的美食。\n林间散养、椰丝喂养，椰汁润养 潭牛好鸡，不鸣则已，一鸣惊人 走地六月，只想好鸡“筷”乐长大 好味道、出自时间的历练 好品质、时间看得见 也正是因为时间的考验 成就了文昌鸡的优质美名 一盘好鸡，胜过千言万语\n【阿黄带路，带你吃鸡】\n  看外形 ——体方圆 脚短细\n  看毛色 ——油光蹭亮\n  用手摸 ——肌肉紧实\n  拿水煮 ——肉嫩滑 体馥香\n  香—— 闻得到椰汁香味的鸡肉\n  滑—— 一筷子夹不住、掉进酱汁捞不起\n  嫩—— 肉如凝脂、入口即化\n  甜—— 好的鸡肉有点甜、入口回甘、回味无穷\n  【天涯海角寻好鸡】 吃完“全鸡宴” 阿黄摸着圆溜溜的肚子，满足地打了一个饱嗝 悠悠地开始哼唱出山歌小调来： “想过放手 却未能够 怪你过分美味 怪我过分着迷 让我感谢你，赠我文昌鸡”\n","permalink":"http://www.taosei.com/blog/%E5%B9%BF%E5%91%8A%E6%96%87%E6%A1%88%E9%98%BF%E9%BB%84%E5%B8%A6%E8%B7%AF%E5%AF%BB%E5%A5%BD%E7%89%A9%E7%B3%BB%E5%88%97/","tags":["广告文案"],"title":"「广告文案」 阿黄带路寻好物系列"},{"categories":null,"contents":"这是一个创意公司对于传统月饼礼盒的思考与创新\n从概念创意，从文案到视觉；再到产品、包装结构设计；从产品品质选择与把控到产品视觉呈现的一个完整流程尝试。以月为灵感，山村食物为载体，按图索骥挖掘宝藏为体验，萌发了产品的初期创想。让传统文化有趣的结合到产品之中，用情感化的包装直入内心。受乡村、民俗、文化更感受山里乡村、田间地头的情深意重。在即将到来的中秋佳节将传统文化、工艺创新与设计相结合。\n 创想是天马行空的理想派 落地是捉襟见肘的现实派  这是一份与众不同的来自天南地北的中秋礼盒 内藏 “山河美景 、九州风味 、珍馐美味”，带着内心寻找暗藏其间的好时节。\n从产品生长环境特征入手，以农产品和文创两大类型产品，作为礼盒内容物，涵盖全国各地乡村美食特产，文创小物、概念产品等，共同组成主题礼盒“一口气吞山河。”\n","permalink":"http://www.taosei.com/blog/%E8%A7%86%E8%A7%89%E8%AE%BE%E8%AE%A1%E4%B8%80%E5%8F%A3%E6%B0%94%E5%90%9E%E5%B1%B1%E6%B2%B3/","tags":["广告文案","视觉设计"],"title":"一口气吞山河"},{"categories":null,"contents":"万物皆有时\n生有时\n长有时\n食有时\n食物是为数不多自然与社会的触点，所以我们坚持脚踏实地走进山野寻找最原始的美味。\n对于食物，我们有我们的坚持。比如，不突破时间的节律去提前采摘，留点时间让应季的美味慢慢成熟。\n对于品质，我们许下我们的誓言。我们承诺发出的每一粒果子均选自信丰县。赣南脐橙的老家，信丰赣南脐橙被誉为“橙中之王”\n每一粒赣南脐橙都是我们的宝贝，如果宝贝在与您相见的路上受到了伤害，请第一时间联系我们的店小二，我们一定会为您的宝贝负责到底。\n阿黄是我们记忆中村口送我们远行，等我们还乡的中华田园犬，它承载了我们记忆深处最隐秘的乡愁。如今，我们让阿黄代言乡村探路者，走遍大江南北，为大家带来道地的乡村特色美食。\n走在探寻美味的道路上，随时停驻，随时品味，将这一径长途，点缀得鲜花弥漫，踏着荆棘，不觉得痛苦，有美味可拥有，却不忘初心。\n来路美且长，我们一起走\n","permalink":"http://www.taosei.com/blog/%E5%B9%BF%E5%91%8A%E6%96%87%E6%A1%88%E4%B8%8D%E6%97%B6-%E4%B8%8D%E9%A3%9F/","tags":["广告文案"],"title":"「广告文案」 不时 不食"},{"categories":null,"contents":"岁末相见：乡村味、乡村情、一席美味聚乡民 “相见不大，有茶则名。人不在多，民淳则灵。斯是陋室，惟简德馨。村舍庇寒士，茶堂聚雅客。谈笑有鸿儒，往来皆白丁。可以品野茶，尝新米。有山风鸟语之悦耳，有村民相亲之悦心。朝有三餐四季，夕有围炉夜话。诸子云：何陋之有？”\n三餐四季、相见欢喜\n一簞食、一瓢饮\n岁末飨宴\n新米品鉴\n我爱这一谷一物的美味\n也爱这三餐四季的平淡天真\n更爱这与新米相见的温暖喜悦\n米\n是朱门内的必备，也是蓬户中的家常\n时间都化作了一饭一饮的痕迹\n因我们的相见而变得尤其可爱和可珍惜\n相见冬酒封藏大典：一封寄给时间的信 亲爱的乡里乡亲：\n岁月匆匆，来去无踪，年末封藏，寄语相见\n冬酒封藏，酝酿来年春的气息，在等待除夕之时，我们正心诚意地准备了一席美味，怀着欢喜的心情，邀您前来相见一聚。\n 山空有云影 梦暖雪生香 晚来天欲雪 能饮一杯无？  人世间所有的相遇，都是久别重逢，而所有的相见，都离不开酒。\n或是月下独酌、举杯邀明月\n或是对饮成三人、把酒言欢\n酒的样子，有柔和含蓄的醇，又有特别直接单纯的烈，不需要解释，它有自己的模样，一切热切想望与生活的悲欣交集在这里都放下，以半醉半醒应答，最后是人们皆向往的圆满通达。\n我们按照我们觉得最好的传统的方式，用时间来封藏这一坛又一坛的故事，给了这些时间的味道人间的样子。\n我们爱这清酒佳酿，醉梦生死；更爱这粗茶淡饭，平淡天真。\n我们觉得米可爱，不只是这一谷一物的美妙，它广覆天地万物，蕴藏生命的气息，像是有着慈悲心。它是朱门内的必备，也是蓬户中的家常，日复一日，悄无声息，见证着这世间的离合悲欢。\n冬去春来 风行雨散 茂林修竹 润色开花\n时间都化作了一饭一饮的痕迹。 而这些美好的瞬间，因我们的相见而变得尤其可爱和可珍惜。\n","permalink":"http://www.taosei.com/blog/%E5%B9%BF%E5%91%8A%E6%96%87%E6%A1%88-%E7%9B%B8%E8%A7%81%E5%B2%81%E6%9C%AB%E5%B0%81%E8%97%8F%E5%A4%A7%E5%85%B8/","tags":["广告文案"],"title":"「广告文案」 相见岁末封藏大典"},{"categories":null,"contents":"佛光虹影\n未知世人心\n六道轮回十界苦\n不问是缘是劫\n语默动静\n山野孤樵独酌\n般若自在心间\n何必途中相见\n","permalink":"http://www.taosei.com/blog/%E8%AF%97-%E4%BD%95%E5%BF%85%E9%80%94%E4%B8%AD%E7%9B%B8%E8%A7%81/","tags":["文墨可爱"],"title":"诗  何必途中相见"},{"categories":null,"contents":"Speech after long silence; it is right,\nAll other lovers being estranged or dead,\nUnfriendly lamplight hid under its shade,\nThe curtains drawn upon unfriendly night,\nThat we descant and yet again descant\nUpon the supreme theme of Art and Song:\nBodily decrepitude is wisdom; young\nWe loved each other and were ignorant.\n沉默许久后 我们互相吐露心声\n是的，曾经的爱人相互疏远和离别\n微光不怀好意地隐匿在阴影之下\n帘幕也遮蔽住幽暗的夜色\n我们彼此袒露心迹\n我们谈论艺术和音乐\n我们灵魂的躯壳行将就木\n而爱依然如初\n我们曾经如此相爱\n可是彼此浑然不知\n","permalink":"http://www.taosei.com/blog/after-long-silence-/","tags":["文墨可爱","译生译世"],"title":"After long silence 译 叶芝的诗"},{"categories":null,"contents":"浮世寻游已不再\n拜伦\nSo, we\u0026rsquo;ll go no more a-roving\nSo late into the night,\nThough the heart be still as loving,\nAnd the moon be still as bright.\n浮世寻游已不再\n夜深如幻\n尽管内心依然有爱\n尽管皓月依然明媚\nFor the sword outwears its sheath,\nAnd the soul wears out the breast,\nAnd the heart must pause to breathe,\nAnd love itself have rest.\n利剑终将出鞘\n灵魂也会应着召唤奔跑\n除非心脏停止跳动\n除非爱归于长眠\nThough the night was made for loving,\nAnd the day returns too soon,\nYet we\u0026rsquo;ll go no more a roving\nBy the light of the moon.\n夜因爱而染成了深色\n但叫黎明不要来\n浮世寻游已不再\n穿过悠悠月明难复返\n","permalink":"http://www.taosei.com/blog/so-well-go-no-more-a-roving-/","tags":["文墨可爱","译生译世"],"title":"So We’ll Go No More a Roving 译 拜伦的诗"},{"categories":null,"contents":"出将入相，天地君亲师、仁义礼智信；\n足不出户，妇道、夫道、子女道；\n修身、齐家、治国平天下。修身且不论，治天下与小老百姓相去甚远，难点还是在齐家，你我皆如此。\n窃以为，齐家之难，难于齐人之福。通俗点来讲，搞定父母，难度系数百倍于搞定一妻一妾。\n「寻常父母通病有二：一、强求子女合我意；二、不计成本爱面子」\n一病百方治。\n顺之。违背灵魂召唤，自己不得好死，血泪教训，往事不必再提。\n辩之。活到年近六十大多思维僵化，单靠语言挑战如蚍蜉撼大树，无能为力，且庄子之道反好辩，罢了，罢了。\n无视之。冷暴力干掉婚姻，同样能干掉父母子女亲情，人间无论何种情，都是一种能量，能量一旦不流动，都符合流水不腐户枢不蠹的基本原理。不是终结，就是陌路。\n忽悠之。姜还是老的辣，谁能忽悠得了谁？不过是互相看破不说破而已。\n最终决定，夸之。\n“夸道”有讲究，如同人间一切成事，都可以被方法论分尸：\n1、时间：夜深人静夸得妙，脑子不清醒，容易被“洗脑”。\n2、场景：当着第三者夸事主。如同婚礼，须得有第三者见证才显得郑重，当然不必搞到神父这么正式，最好也是最容易的就是当着老爸夸老妈，对着老妈夸老爸。狠狠夸，往死里夸，夸到海枯石烂，夸到山崩地裂。\n3、心法：夸道在「具体」。细节之处见真诚，显得不过是在陈述事实而已，则最为打动人。落到实处，落实细节，切记切记。\n4、夸张：高峰体验大都来自夸张，夸也是在制造一种高峰体验，越轰轰烈烈，越能达到良好效果。千臭万臭，马屁不臭，再过头的夸，也顶多就是被父母骂几句，相信我，挨骂的同时，他们心里没准儿乐开了花。说不定还藏不住内心狂喜，一边骂着一边笑得花枝乱颤。\n5、肢体接触：眼耳鼻舌身，五蕴皆有，才算夸到。夸道动情处，扑上去一顿亲，没几个父母受得了这个，再权威的封建大家长，也得缴枪投降。不好意思？那拥抱一下总可以吧，志玲姐姐爱的“勇抱”，让多少人骨头酥倒。与其等到父母年老色衰骨质酥松，不如上手上嘴让他们此时此刻心里一酥。\n6、常用句式搜集器：翻翻唐诗、宋词，纳兰容若、仓央嘉措，英国诗选，里尔克、聂鲁达、再不济徐志摩之流也不错，最恶心最恶俗的马屁也是香的。夸人得学诗人，情到深处码出来的文字能量足，改改就是拍马屁的金句。\n顺便抄一段“冯金线”的金句让你开开眼：“如同古人，毫无章法，全靠一腔赤诚。想睡一个姑娘，百分之八十的人说不出口，能直接睡了就直接睡了。剩下百分之十九的人，说，我想念你。剩下百分之零点九的人，说，我想睡你。最后百分之零点一的人，说，看不见你的一天，漫长得仿佛三年。”\n看，这就是夸的极致，古有李白，今有冯唐，这些身心肿胀的才子们，早就帮我们把道路趟遍，把好字好句码全。\n非常认同一种说法，人生是场游戏，场景只有两个：\n  职场：不惜一切精进手艺，搞定KPI，实现价值完成。不要有情感，以巧斗力。\n  家庭：想尽一切办法让家人开心，其他都是琐事，不必上心。尽管我们和父母大概率三观不合，但是并不耽误我们相亲相爱。\n  充满耐心，开动脑筋，制造开心。\n最终目的，还不过是让自己开心，让生命的每一刻都尽兴，如果有个大面积三观合的小伙伴同游，那简直是功德圆满。\n遇到问题的K先生，你这个人儒皮、道骨、佛心。有万事不着急的定力，但少了点不要脸、不害怕的豁达。“拍马屁、说瞎话、不要脸”，此乃混迹江湖三十年总结的对待父母九字真言，那可是安心工作，心安浪荡，享受人生必备良方。\n不知老中医的这张药方是否能解你一时之急？\n夸道，可传不可授，需得之于口而应于心，还等什么，马上夸起来吧。\n不论在职还是在家；\n有爱又残忍，懒惰又认真；\n了了分明，如如不动；\n与人争柔，身闲心闲；\n余不一一，自己琢磨；\n","permalink":"http://www.taosei.com/blog/%E5%A4%B8%E9%81%93%E6%B2%BB%E7%99%BE%E7%97%85/","tags":["浮生六记","文墨可爱"],"title":"夸道治百病"},{"categories":null,"contents":"这是个手艺人的小世界\n以字得自在\n以艺得自由\n谋生亦谋爱\n愿有同好知己得闲悠游于此\n","permalink":"http://www.taosei.com/about/","tags":null,"title":"About Me"},{"categories":null,"contents":"Love at First Sight\nby Wislawa Szymborska\nThey both thought\nthat a sudden feeling had united them\nThis certainty is beautiful,\nEven more beautiful than uncertainty.\nThey thought they didn\u0026rsquo;t know each other,\nnothing had ever happened between them\n他们彼此相信，是瞬间迸发的热情让他们相遇\n这种确信是美好的\n而变幻无常却更为美好\n他们认为彼此素昧相识\n并无尘世间的纠葛\nThese streets, these stairs, this corridors,\nWhere they could have met so long ago?\nI would like to ask them,\nif they can remember -\n可是在某个街角，楼梯，大堂\n或许他们早就遇见过\n我忍不住想问\n他们是否还记得这无数次的相遇？\nperhaps in a revolving door\nface to face one day?\nA \u0026ldquo;sorry\u0026rdquo; in the crowd?\n\u0026ldquo;Wrong number\u0026rdquo; on the \u0026lsquo;phone?\n but I know the answer.  No, they don\u0026rsquo;t remember.\n或许是在旋转门交错的瞬间\n曾经面对面的目光交汇\n人群中礼貌的一句 对不起\n电话另一端的一声 打错了\n而我却看穿了答案\n他们并不记得彼此\nHow surprised they would be\nFor such a long time already\nFate has been playing with them.\nNot quite yet ready\nto change into destiny,\nwhich brings them nearer and yet further,\ncutting their path\nand stifling a laugh,\nescaping ever further;\n他们忍不住惊叹\n长久以来\n命运和他们开了一个玩笑\n是缘分不够\n不够让他们彼此命运相互交织\n缘分让他们曾经如此靠近\n而今却又如此疏远\n缘分切断了他们通向彼此内心的道路\n沉默了曾经的欢笑\n然后彼此疏离\nThere were sings, indications,\nundecipherable, what does in matter.\nThree years ago, perhaps\nor even last Tuesday,\nthis leaf flying\nfrom one shoulder to another?\n有一些无法言说的征兆\n只是他们尚未能感知到\n也许是三年前，又或者是上周二\n同一片叶子飘过了他们两个人的肩头\nSomething lost and gathered.\nWho knows, perhaps a ball already\nin the bushes, in childhood?\nThere were handles, door bells,\nwhere, on the trace of a hand,\nanother hand was placed;\nsuitcases next to one another in the\nleft luggage.\nAnd maybe one night the same dream\nforgotten on walking;\n有太多他们曾经相遇的痕迹\n可能是小时候丢失在草丛里的气球\n被他们俩的手分别触碰过的门把和门铃\n行李架上他们靠在一起的手提箱\n更或许\n他们分别走进了同一个梦里\nBut every beginning\nis only a continuation\nand the book of fate is\nalways open in the middle.\n而每一次邂逅的开始\n都是久别重逢的延续\n命运的故事\n总是未完待续\n","permalink":"http://www.taosei.com/blog/love-at-first-sight/","tags":null,"title":"译 辛波斯卡的诗 love at first sight"},{"categories":null,"contents":"乌尔里卡来的太晚\n晚到诗人盲了双目\n松弛了指节\n迟来的乌尔里卡\n如果他的眼没有盲\n就会发现\n你的面孔\n美得像一首等待描绘的诗\n时间如同沙漏的沙粒一般流逝\n地老天荒的爱在幽暗中荡漾\n爱情在时间的血管中一来再来\n如同死去的灵魂\n在不同的血管中\n一次再一次醒来\n乌尔里卡啊乌尔里卡\n为什么你来的这么晚\n诗人的眼睛迷失了光芒\n只能在想象的世界里\n第一次也是最后一次占有你肉体的形象\n","permalink":"http://www.taosei.com/blog/%E8%AF%97-%E8%80%81%E5%8E%BB%E7%9A%84%E8%AF%97%E4%BA%BA%E5%92%8C%E8%BF%9F%E6%9D%A5%E7%9A%84%E4%B9%8C%E5%B0%94%E9%87%8C%E5%8D%A1/","tags":["文墨可爱"],"title":"诗  老去的诗人和迟来的乌尔里卡"},{"categories":null,"contents":"缘起天鹅湖 第一次接触到真正意义上的芭蕾，那是在大学的课堂上。我们的专业课里⾯，有⼀⻔课叫做“舞蹈概论”，授课老师曾经是一名专业的芭蕾舞演员，她在课堂上给我们放了天鹅湖第⼆幕。这种触及灵魂的怦然心动，如同遭遇爱情。\n童子功 — 像童子一样用功 是不是所有的全情投入都遭人嫉妒？被质疑声音包裹的那几年，听到最多的是“你没有童子功”，另外就是，“学芭蕾你也成不了演员了，有什么用呢?”对于童子功，我的理解是，要像个童子一样用功，有愿⼼，无目的地去努力。\n我们这个年纪的人，普遍都在很小的时候受到过多的功利性的教育，为了高考而学习，为了名利而选择事业，为了稳定而选择伴侣，一切都是结果导向，目的明确。可是很少有人问⾃⼰的内⼼，我们真心喜欢的是什么。大多数时候的生活，是被目的推着走的，并没有太多的心动，真正意义上触动内心的事情，真的屈指可数，而敢于为之付出的，寥寥无几。\n经过地面枯燥的两年训练，到站上把杆开始学动作，慢慢记住了那些法语术语，学会旋转跳跃的技巧，学习变奏，上台演出，遇到瓶颈，四处求教不同国籍和学派的老师，学习理论知识。\n放松的专注 艺术需要的是理性的坚持，而非感性的冲动。经过多年训练我发现，古典芭蕾是需要经过长时间理性的系统训练。这种训练，具有不可忽视的系统性难度，并且非时间不可，无法速成。刚开始的几年我总是急于求成， 恨不得天天去练功房，希望转更多圈，希望腿抬得更高。 后果就是不断受伤，而且并没有任何真正的进步。不断受挫之后，我开始思考，究竟什么样的训练方式和训练节奏才是科学有效的呢?是不是应该慢下来，更多的思考心法和感受， 而不是一头钻进技法里面急于求成。\n在学习芭蕾的这些年里，最主要接触的是国内以前苏联为基础的俄罗斯学派的芭蕾训练体系，以及英皇的芭蕾训练体系。后来参与过法国、德国、美国的大师课训练，发现不同国家都在从不同角度用不同的方式去研究和改进训练方法。不同的训练方式能够带来不同的结果，了解这些，开阔了我的眼界，拓宽了我对于芭蕾的认识。 不同的老师，都对我有一个相似的建议，那就是需要放松。\n自律精进，心地光明 十年一觉芭蕾梦，时间过得好快，不知不觉人生也进⼊了一个新的十年。感谢这十年芭蕾相伴，在不断训练和精进的过程中，我最大的收获就是变得更加自律。与此同时，这种纯粹的艺术也给我的内心带来了更多的光明。希望未来的十年，二十年，或者更久，依然有芭蕾相伴。\n","permalink":"http://www.taosei.com/blog/%E5%8D%81%E5%B9%B4%E4%B8%80%E8%A7%89%E8%8A%AD%E8%95%BE%E6%A2%A6/","tags":["浮生六记"],"title":"十年一觉芭蕾梦"},{"categories":null,"contents":"上学的时候，学过一门编剧课，老师推荐了一本奇书——《故事》\n很多好书都是貌不惊人，但是其中的智慧却实实在在让人欲罢不能。\n人物真相只有当一个人处于压力之下做出选择时才能得到揭示——压力越大，揭示越深，该选择便越真实地表达了人物的本性。\n无论其面貌如何，这个人到底是谁？在他的人性最深处是充满爱心还是残酷无情？慷慨大方还是自私自利？身强体壮还是弱不禁风？忠厚老实还是虚情假意？英勇无畏还是怯懦猥琐？\n在对欲望的追求过程中，做出什么样的选择便是什么样的人\n压力是根本。\n生活教给我们无可辩驳的原则:看似如此其实并非如此。\n人不可貌相，观人不可皮相。\n在表面特征下面掩盖一个深藏的本性，或许并非看不到，而是不想看到\n","permalink":"http://www.taosei.com/blog/%E4%BA%BA%E7%89%A9%E7%9A%84%E5%A1%91%E9%80%A0/","tags":["浮生六记","艺文小论"],"title":"人物的塑造"},{"categories":null,"contents":"I like for you to be still: it is as though you are absent\nand you hear me from far away and my voice does not touch you\nIt seems as though your eyes had flown away\nand it seems that a kiss had sealed your mouth\nas all things are filled with my soul\nyour emerge from the things, fill with my soul\nyou are like my soul, a butterfly of dreams\nand you are like the word melancholy\n我喜欢静静的你\n尽管你已离去\n你在远处听见我的声音\n而我的声音却触摸不到你\n仿佛你的目光已经离开我\n仿佛一个吻将你双唇封印\n仿佛你融入了天地万物\n如同你融入了我的灵魂深处\n仿佛你就是那个叫做忧郁的词语\nI like for you to be still, and you seem far away\nIt sounds as though you are lamenting, a butterfly cooing like a dove\nAnd you hear me from far away, and my voice does not reach you\nLet me come to be still in your silence\nAnd let me talk to you with your silence\nThat is bright like a lamp, simple as a ring\nYou are like the night, with its stillness and constellations\nYour silence is that of a star, as remount and candid\n我喜欢静静的你\n而你好像远在天边\n你像蝴蝶又似白鸽低吟\n你在远处听见我的声音，而我的声音却触摸不到你\n请让我沉浸在你的静默里\n在你的静默里絮语\n像是远处的星星，像是命运的轮回\nI like for you to be still: it is as though you are absent\ndistant and dull of sorrow, as though you had died\nOne word then, one smile, is enough\nAnd I’m happy, happy that’s not true\n我喜欢静静的你\n尽管你已不再\n悲伤淡漠幽暗，仿佛你已故去\n一字一笑已然足矣\n如此我便欢喜，尽管这欢喜如梦泡影\n","permalink":"http://www.taosei.com/blog/i-like-for-you-to-be-still/","tags":["译生译世","文墨可爱"],"title":"I like for you to be still 译聂鲁达的诗"},{"categories":null,"contents":" \u0026ldquo;桃叶复桃叶，渡江不用楫；但渡无所苦，我自迎接汝。\u0026rdquo; \u0026mdash;- 王献之《桃叶歌》\n 王献之(344-386)，字子敬。东晋著名书法家，王羲之第七子。 由于其书艺超群，历来与王羲之并称\u0026quot;二王\u0026rdquo;，或尊称为\u0026quot;小圣\u0026rdquo;。\n历数书史名家，二王是不可逾越的两位名家。谈到二王，就不能不谈到他们以及他们家族在东晋时代的社会地位。“旧时王谢堂前燕，飞入寻常百姓家。”其中的王家，就是指王羲之家族。王羲之之父王旷为晋元帝一朝政权代表，家门显赫可见一斑。\n王献之为王羲之第七子，自幼习书，得法其父，兼取张芝，另创法度，天赋异禀，下笔传神。王献之曾经与谢安论书法，自以为过于其父。这事后来被唐玄宗和孙过庭大加批评，然而，他说的确实老实话，以他咄咄逼人的书才，如果活到六十岁，一定要超出王羲之，只可惜天才早逝。\n王献之除了书法造诣之深留名丹青史，更有一段情，暗香涌动，只可惜鲜为世人知晓。\n【桃花歌行桃花渡】\n文首的《桃花歌》，是王献之写给爱妾桃叶的送别歌，相传东晋时，河岸种满了桃树，起风的时候，桃叶落花于河上，时人笑谓之桃花渡。王献之爱妾桃叶甚笃，亲送之渡口，作诗曰：\n “桃叶复桃叶，桃树连桃根。相怜两乐事，独使我殷勤。 桃叶复桃叶，渡江不用楫；但渡无所苦，我自迎接汝。”\n 桃叶感王郎情深，做《团扇歌》答曰：\n “桃叶映红花，无风自婀娜。春风映河限，感郎独采我。”\n 后有清朝吴敬梓作诗《桃叶渡》：“……水照倾城面，柳舒含笑靥……世间重美人，古渡存桃叶。”\n桃叶渡口两情缱绻，男人仰慕王献之的风雅，女人羡慕桃叶得王郎的爱宠。然而，我们只看到了诗歌洋溢的情谊，而未见其背后的苍凉。爱是一场戏，太全情投入的表演，反而叫人看出虚假的端倪，以王献之历来的清高倨傲，何至于如此！殊不知桃叶类卿，终究意难平。\n【桃叶类卿】\n王献之的原配夫人，是他的表姐郗道茂，两小无猜、结发连理，育有一女名玉润，未几夭折。\n后来，神采风流，才华横溢的王献之被新安公主看上，欲招王献之做驸马。出身在这样一个名门权贵家族，家族的利益往往高于一切，政治从来都是通过人情落到实处，考虑再三，王献之与郗道茂离婚，娶新安公主。\n郗道茂无子嗣，论出身更没办法与天之骄女新安公主相比，她有的，不过是与王献之数年的夫妻情谊。但是对于一个男人而言，在面对家族利益，政治前途的时候，爱情往往是苍白无力的。以郗道茂的聪明，不至于陷王献之与两难，她与王献之离婚之后，郁郁而终。\n王献之娶新安公主之后，官运亨通，官至中书令。然而两人婚后无子嗣，直到中年之后才育有一女神爱，此女后被立为安僖皇后。\n娶新安公主之后，王献之又纳一妾名桃叶，爱之甚笃，上文故事中，这个心满意足深蒙宠爱的少女，依附一个中年男人不能启齿的恋旧之情生存，她甚至无须知道她的可悲。在王献之的爱中，她不过是一个替身，他追忆的始终是另一个人。一席华丽的背后，是隐瞒，愧疚，思念，追忆别人的一抹猩红色的蚊子血。\n【桃花缘是桃花劫】\n《晋书》中记载了王献之的一封信：“虽奉对积年，可以为尽日之欢。常苦不尽触额之畅。方欲与姊极当年之匹，以之偕老，岂谓乖别至此！……俯仰悲咽，实无已已，惟当絶气耳！”\n","permalink":"http://www.taosei.com/blog/%E6%A1%83%E5%8F%B6%E7%B1%BB%E5%8D%BF/","tags":["浮生六记","艺文小论"],"title":"桃叶类卿"},{"categories":null,"contents":"I do not love you except because I love you;\nI go from loving to not loving you,\nFrom waiting to not waiting for you\nMy heart moves from cold to fire.\n我不爱你，只因我曾深爱你\n从爱你到不再爱你\n从等待到不再等待\n我的心从寒冷到温暖\nI love you only because it\u0026rsquo;s you the one I love;\nI hate you deeply, and hating you\nBend to you, and the measure of my changing love for you\nIs that I do not see you but love you blindly.\n我爱你，只因你是吾爱\n我恨你至深，我恨你漫长\n我俯身向你，探寻我对你爱的流转\n是否因我爱你致盲而见不到到真实的你\nMaybe January light will consume\nMy heart with its cruel\nRay, stealing my key to true calm.\n也许一月的光亮会消逝\n我心也随之变冷\n光束拨动我的心弹出了静默的声音\nIn this part of the story I am the one who\nDies, the only one, and I will die of love because I love you,\nBecause I love you, Love, in fire and blood.\n在故事的这里，我是那个人\n那个唯一的我，死去，因爱你而死去\n只因我爱你，爱你，让我的血液开始燃烧\n","permalink":"http://www.taosei.com/blog/i-do-not-love-you-except-because-i-love-you/","tags":["文墨可爱","译生译世"],"title":"I do not love you except because I love you 译 聂鲁达的诗"},{"categories":null,"contents":"最爱古龙，绝情之处见多情；绝不低头又自暴自弃；重酒重色亦重友情。\n文字中但见简练，无一字缀语。\n气度非凡，英雄落寞；小李飞刀成绝响，世间不见楚留香。\n 者边走，那边走，只是寻花柳；\n 一笑红尘中，与我干杯的人呢？\n无须英雄，便是凡人，又是何其落寞于滚滚红尘。\n 那边走，者边走，且饮金樽酒；\n ","permalink":"http://www.taosei.com/blog/%E7%AC%91%E7%BA%A2%E5%B0%98/","tags":["浮生六记"],"title":"笑红尘"},{"categories":null,"contents":"And it was at that age \u0026hellip; Poetry arrived\nin search of me. I don\u0026rsquo;t know, I don\u0026rsquo;t know where\nit came from, from winter or a river.\nI don\u0026rsquo;t know how or when,\nno they were not voices, they were not.\nwords, nor silence,\nbut from a street I was summoned,\nfrom the branches of night,\nabruptly from the others,\namong violent fires,\nor returning alone,\nthere I was without a face\nand it touched me.\n那年那月，诗神悄然而至\n找到我\n我不知道，更不知道他\n是从寒冬还是流水而来\n也不知道\n是何时 他如何而来\n他悄无声息，他不落言荃，他静默不语\n在夜的转角\n那条幽暗的街道将我召唤\n骤然从人群中抽离\n在狂热的火焰里\n在冷寂的归途中\n我不知面向何处\n他却将我触摸\nI did not know what to say, my mouth\nhad no way\nwith names,\nmy eyes were blind,\nand something started in my soul,\nfever or forgotten wings,\nand I made my own way,\ndeciphering\nthat fire,\nand I wrote the first faint line,\nfaint, without substance, pure\nnonsense,\npure wisdom\nof someone who knows nothing,\nand suddenly I saw\nthe heavens\nunfastened\nand open,\nplanets,\npalpitating plantations,\nshadow perforated,\nriddled\nwith arrows, fire and flowers,\nthe winding night, the universe.\n我无言以对，我瞠目结舌\n而我心灵颤动\n那狂热还是遗忘的翅膀\n让我寻找自己的方式\n去诠释那团火焰\n当我写下一行苍白的文字\n极致 空无 纯粹\n痴人说梦\n返朴归真的智慧\n如婴儿般纯净的人儿\n突然间\n我看见了宇宙\n感到了自由\n敞开了心胸\n宇宙星河\n郁郁草木\n阳光下的倒影\n万物静默如迷\n与爱神之箭，欲念之火\n花朵和晚风微醺的夜\n以及无限的宇宙\n融汇一体\nAnd I, infinitesimal being,\ndrunk with the great starry\nvoid,\nlikeness, image of\nmystery,\nfelt myself a pure part\nof the abyss,\nI wheeled with the stars,\nmy heart broke loose on the wind.\n而我，如此渺小\n沉醉在这浩瀚苍茫的星河之间\n好似一种摸样\n归属于这神秘的浩瀚\n我随星河流转\n破碎的心\n被晚风吹散\n","permalink":"http://www.taosei.com/blog/and-it-was-at-that-age-...-poetry-arrived/","tags":["文墨可爱","译生译世"],"title":"And it was at that age ... Poetry arrived 译 聂鲁达的诗"},{"categories":null,"contents":"如果世界是平衡的话，那么得到任何东西就意味着牺牲了同样多的东西。\n传说中有个第八号当铺，在那里，你可以典当你的一切所有，包括生命，亲情和爱情。\n有的人为了扬名立万当掉了自己的爱情，有的人为了财富当掉了亲情，有的人为了亲情当掉了自己的生命。\n第八号当铺可以给你想要的一切，只要，你愿意用你的一切去交换，第八号当铺最终的目标是你的灵魂，只要你为了欲望可以放弃自己的灵魂。\n有很多走进第八号当铺的人最终当掉了自己的灵魂，也有很多走出第八号当铺的人，继续着自己的欲望之路。\n","permalink":"http://www.taosei.com/blog/%E7%AC%AC%E5%85%AB%E5%8F%B7%E5%BD%93%E9%93%BA/","tags":["浮生六记"],"title":"第八号当铺"},{"categories":null,"contents":"When you are old and grey and full of sleep,\nAnd nodding by the fire, take down this book,\nAnd slowly read, and dream of the soft look\nYour eyes had once, and of their shadows deep;\nHow many loved your moments of glad grace,\nAnd loved your beauty with love false or true,\nBut one man loved the pilgrim Soul in you,\nAnd loved the sorrows of your changing face;\nAnd bending down beside the glowing bars,\nMurmur, a little sadly, how Love fled\nAnd paced upon the mountains overhead\nAnd hid his face amid a crowd of stars.\n有一天\n你风华已逝\n青丝染雪\n睡意缠绵\n围炉垂首贪眠\n拾卷诵阅\n梦忆昔年\n你曾深藏倒影的双眼\n多少人曾爱慕你的美貌\n倾国倾城 意假情真\n独一人独爱你的灵魂\n爱那忧伤随着岁月变迁刻上了你的脸\n俯身依偎在你身旁\n潜吟轻诉 情爱消逝的惆怅\n漫步山巅 暗藏他的面孔于繁星之间\n","permalink":"http://www.taosei.com/blog/when-you-are-old/","tags":["译生译世","文墨可爱"],"title":"when you are old 译 叶芝的诗"},{"categories":null,"contents":" 原文\n “Until bit by bit the walls of the ego recede, and your life become increasingly merged in the universal life, and rushing passionately past boulders and over waterfalls. Gradually the river grows wider, the banks recede, the waters flow more quietly, and in the end. Without any visible break, they become merged in the ocean, and painlessly lose their individual being. The man who, in old age, can see his life in this way, will not suffer from the fear of death, since the things he cares for will continue. I should wish to die while still at work, knowing that others will carry on what I can no longer do, and content in the thought that what was possible has been done.”\n 译文\n 入无我之境方能与天地合一。生如长河:始于毫微，长于融通，广于沉积；盛于惊涛骇浪，归于静水流深，终于纳川之海。凡慧长者，必了此机。生老病死，人之常也；生生不息，道之常也。精竭力衰之年，生何足恋，死何足惧？庙堂治国做人杰，战死沙场为鬼雄。江山带有人才出，见后辈前赴后继于吾辈未竟之事业，虽死无憾也！\n","permalink":"http://www.taosei.com/blog/how-to-grow-old-/","tags":["译生译世","文墨可爱"],"title":"How to grow old 译 罗素的文字"},{"categories":null,"contents":"秋风未肃绿未夭\n柔光抚柳影窈窕\n白塔残荷遥相对\n孤舟泊岸绿水悄\n曾经在北海边上，故宫后面的一个大院里工作过短暂的一段时间。在一个庞大机构中工作，感受到的是无比的不自在。在这个地方丢失了生命中一段重要的情感，然后觉得，其实没有什么是不可以失去的，于是毅然决然离开这个看似可以给我一世安稳的工作。\n那段时间几乎每天早上会围着北海走上一圈半圈，天气晴朗的时候，也会爬到景山的顶上看看故宫背影。\n北京那么大，故宫那么深\n那是一段凝固在我生命中的时间\n","permalink":"http://www.taosei.com/blog/%E8%AF%97-%E6%95%A3%E8%A1%8C%E5%8C%97%E6%B5%B7/","tags":["文墨可爱","浮生六记"],"title":"诗 散行北海"},{"categories":null,"contents":"Here I love you.\nIn the dark pines the wind disentangles itself.\nThe moon glows like phosphorus on the vagrant waters.\nDays, all one kind, go chasing each other.\nThe snow unfurls in dancing figures.\nA silver gull slips down from the west.\nSometimes a sail. High, high stars.\nOh the black cross of a ship.\nAlone.\n我在这里爱你\n在树影婆娑的昏暗中放开自己\n如月光映照在海面泛起了微光\n日复一日，思念追逐\n沙鸥随着日暮滑落西岸\n孤帆若隐若现，指向高傲的星辰\n如同黑色十字架\n独自漂在深海\nSometimes I get up early and even my soul is wet.\nFar away the sea sounds and resounds.\nThis is a port.\nHere I love you.\nHere I love you and horizon hides you in vain.\nI love you still among these cold things.\nSometimes my kisses go on those heavy vessels.\nThat cross the sea towards no arrival.\nI see myself forgotten like those old anchors.\nThe piers sadden when the afternoon moors there.\n总在黎明带着灵魂的泪醒来\n听见远处海水哭泣的声音幽暗回荡\n我们曾许下誓言的港口\n我在这里爱你\n在地平线消失的地方\n我在这里爱你\n在人世间的冰冷陌生中\n我在这里爱你如初\n吻痕被沉舟载走\n穿越海岸\n无处停留\n亦如尘封的旧锚\n被远远的遗忘\n暮色留不住伤感\nMy life grows tired, hungry to no purpose.\nI love what I do not have. You are so far.\nMy loathing wrestles with the slow twilights.\nBut night comes and starts so sing to me.\nThe moon turns its clockwork dream.\nThe biggest stars look at me with your eyes.\nAnd as I love you, the pines in the wind\nwant to sing your name with their leaves of wire.\n倦怠生命，失去意义\n永失所爱\n你离我那么远\n此恨绵绵\n夜色忧伤地吟唱\n月影转动了悲伤的梦\n繁星闪烁，亦如你注视我的目光\n我在这里爱你\n如同孤立风中的树枝\n用枝叶摇动的声响\n低诉你的名字\n","permalink":"http://www.taosei.com/blog/here-i-love-you/","tags":["文墨可爱","译生译世"],"title":"Here I love you  译聂鲁达的诗"},{"categories":null,"contents":"灵魂中的另一个你\n我的血液里流淌着无数人的生命\n只要稍稍用心便能全部想起\n缘自血液的爱\n牵动了每一根神经\n前尘往事轮回在心里\n牵扯不断的回忆\n仿佛躯体之中还有另外一个你\n从来不曾呼吸\n从来不曾离去\n静默地观照着自己\n在一个又一个你中\n肆意地疯狂嬉戏\n","permalink":"http://www.taosei.com/blog/%E8%AF%97-%E7%81%B5%E9%AD%82%E4%B8%AD%E7%9A%84%E5%8F%A6%E4%B8%80%E4%B8%AA%E4%BD%A0/","tags":["文墨可爱"],"title":"诗  灵魂中的另一个你"},{"categories":null,"contents":"2019，走南闯北到处奔波的一年，笔墨是我安放内心的小宇宙，旅途幸苦，幸有笔墨随我悠游～\n","permalink":"http://www.taosei.com/blog/2019-%E5%86%99%E5%AD%97%E6%B8%B8%E6%88%8F-review%E4%B8%8A/","tags":["文墨可爱"],"title":"2019 写字游戏 Review  （上）"},{"categories":null,"contents":"于浩瀚书海，我对临帖的态度是，人尽可夫～\n","permalink":"http://www.taosei.com/blog/2019-%E5%86%99%E5%AD%97%E6%B8%B8%E6%88%8F-review-%E4%B8%8B/","tags":["文墨可爱"],"title":"2019 写字游戏 Review （下）"},{"categories":null,"contents":"谁曰宋远\n沿着运河水\n穿过茶山\n闻见花香\n问道禅寺\n寻找新宋式风雅的遗迹\n城市的喧嚣\n带不走内心\n归园田居的向往\n行色匆匆的背后\n是无数颗盼望回头的归心\n且慢\n让灵魂跟上脚步\n有时\n攀登高山流水的风雅\n有时\n回望布衣芒履\n大家小户的亲近\n是田园生活的平凡\n给了我们追寻极致的勇气\n是看尽城市喧嚣后的淡然\n赋予我们回归平凡的底气\n繁华看尽\n梦回依旧\n偶尔也听禅寺钟声\n饮一口径山清茶\n感受一期一会的可珍惜\n寻踪风雅\n所有的精致\n都需慢品\n历经春夏如一日\n月月有节\n四时有景\n看花听鸟\n抱琴观棋\n心以为乐\n则是境皆乐\n过眼是福\n眼前无非生机\n品一口茶\n尝一口果味\n赏一丛花\n听一声禅音\n寻踪风雅\n乐不在外而在心\n禹上田园\n江南风雅\n所到之处\n皆为乐境\n","permalink":"http://www.taosei.com/blog/%E5%B9%BF%E5%91%8A%E6%96%87%E6%A1%88%E5%8E%86%E7%BB%8F%E6%98%A5%E5%A4%8F%E5%A6%82%E4%B8%80%E6%97%A5/","tags":["广告文案"],"title":"「广告文案」历经春夏如一日"}]