<?xml version="1.0" encoding="utf-8" standalone="yes"?>
<rss version="2.0" xmlns:atom="http://www.w3.org/2005/Atom">
  <channel>
    <title>艺文小论 on 美能拯救世界</title>
    <link>http://www.taosei.com/tags/%E8%89%BA%E6%96%87%E5%B0%8F%E8%AE%BA/</link>
    <description>Recent content in 艺文小论 on 美能拯救世界</description>
    <generator>Hugo -- gohugo.io</generator>
    <language>zh-CN</language>
    <lastBuildDate>Mon, 02 Nov 2015 17:27:03 +0800</lastBuildDate>
    
	<atom:link href="http://www.taosei.com/tags/%E8%89%BA%E6%96%87%E5%B0%8F%E8%AE%BA/index.xml" rel="self" type="application/rss+xml" />
    
    
    <item>
      <title>人物的塑造</title>
      <link>http://www.taosei.com/blog/%E4%BA%BA%E7%89%A9%E7%9A%84%E5%A1%91%E9%80%A0/</link>
      <pubDate>Mon, 02 Nov 2015 17:27:03 +0800</pubDate>
      
      <guid>http://www.taosei.com/blog/%E4%BA%BA%E7%89%A9%E7%9A%84%E5%A1%91%E9%80%A0/</guid>
      <description>上学的时候，学过一门编剧课，老师推荐了一本奇书——《故事》 很多好书都是貌不惊人，但是其中的智慧却实实在在让人欲罢不能。 人物真相只有当一个人处于压力之下做出选择时</description>
    </item>
    
    <item>
      <title>桃叶类卿</title>
      <link>http://www.taosei.com/blog/%E6%A1%83%E5%8F%B6%E7%B1%BB%E5%8D%BF/</link>
      <pubDate>Sun, 15 Dec 2013 17:46:16 +0800</pubDate>
      
      <guid>http://www.taosei.com/blog/%E6%A1%83%E5%8F%B6%E7%B1%BB%E5%8D%BF/</guid>
      <description>&amp;ldquo;桃叶复桃叶，渡江不用楫；但渡无所苦，我自迎接汝。&amp;rdquo; &amp;mdash;- 王献之《桃叶歌》 王献之(344-386)，字子敬。东晋著名书法家，王羲之第七子。 由</description>
    </item>
    
  </channel>
</rss>