<?xml version="1.0" encoding="utf-8" standalone="yes"?>
<rss version="2.0" xmlns:atom="http://www.w3.org/2005/Atom">
  <channel>
    <title>blog on 美能拯救世界</title>
    <link>http://www.taosei.com/blog/</link>
    <description>Recent content in blog on 美能拯救世界</description>
    <generator>Hugo -- gohugo.io</generator>
    <language>zh-CN</language>
    <lastBuildDate>Tue, 29 Oct 2019 13:49:23 +0600</lastBuildDate>
    
	<atom:link href="http://www.taosei.com/blog/index.xml" rel="self" type="application/rss+xml" />
    
    
    <item>
      <title>在滚滚红尘中温润你的日子</title>
      <link>http://www.taosei.com/blog/%E5%B9%BF%E5%91%8A%E6%96%87%E6%A1%88%E5%9C%A8%E6%BB%9A%E6%BB%9A%E7%BA%A2%E5%B0%98%E4%B8%AD%E6%B8%A9%E6%B6%A6%E4%BD%A0%E7%9A%84%E6%97%A5%E5%AD%90/</link>
      <pubDate>Sat, 14 Mar 2020 17:42:55 +0800</pubDate>
      
      <guid>http://www.taosei.com/blog/%E5%B9%BF%E5%91%8A%E6%96%87%E6%A1%88%E5%9C%A8%E6%BB%9A%E6%BB%9A%E7%BA%A2%E5%B0%98%E4%B8%AD%E6%B8%A9%E6%B6%A6%E4%BD%A0%E7%9A%84%E6%97%A5%E5%AD%90/</guid>
      <description>这个时代变化太快，棱角太锋利，我们都像被加速了一般，掉进这个时代的滚滚红尘中。越来越感觉到，时间似乎不是匀速的，它应该是以某一种加速度不断地呈指数型流失。 小时候</description>
    </item>
    
    <item>
      <title>「摄影作品」2019</title>
      <link>http://www.taosei.com/blog/%E6%91%84%E5%BD%B1%E4%BD%9C%E5%93%812019/</link>
      <pubDate>Wed, 11 Mar 2020 11:42:42 +0800</pubDate>
      
      <guid>http://www.taosei.com/blog/%E6%91%84%E5%BD%B1%E4%BD%9C%E5%93%812019/</guid>
      <description>光影、角落、时光、气味，透过镜头的捕捉，2019这一年的故事娓娓道来…… 你看，远处这一片云哭了 太湖的南岸藏着一个桃花岛 外滩被迷雾笼罩出了忧郁的气息 每一个爱书人都</description>
    </item>
    
    <item>
      <title>创意人的工具箱：2020软件推介</title>
      <link>http://www.taosei.com/blog/%E5%88%9B%E6%84%8F%E4%BA%BA%E7%9A%84%E5%B7%A5%E5%85%B7%E7%AE%B12020%E8%BD%AF%E4%BB%B6%E6%8E%A8%E4%BB%8B/</link>
      <pubDate>Thu, 05 Mar 2020 11:15:01 +0800</pubDate>
      
      <guid>http://www.taosei.com/blog/%E5%88%9B%E6%84%8F%E4%BA%BA%E7%9A%84%E5%B7%A5%E5%85%B7%E7%AE%B12020%E8%BD%AF%E4%BB%B6%E6%8E%A8%E4%BB%8B/</guid>
      <description>1、Day One ：Markdown 日志编辑器 傻瓜式的网页编辑器，破除了代码造成的壁垒，让内容编辑和上传变得简单直接。 这是2020年最常用也是最好用的工具 2、Dram</description>
    </item>
    
    <item>
      <title>「视觉设计」 艺术拍卖 界面视觉设计</title>
      <link>http://www.taosei.com/blog/%E8%A7%86%E8%A7%89%E8%AE%BE%E8%AE%A1-%E8%89%BA%E6%9C%AF%E6%8B%8D%E5%8D%96-%E7%95%8C%E9%9D%A2%E8%A7%86%E8%A7%89%E8%AE%BE%E8%AE%A1/</link>
      <pubDate>Thu, 05 Mar 2020 10:41:28 +0800</pubDate>
      
      <guid>http://www.taosei.com/blog/%E8%A7%86%E8%A7%89%E8%AE%BE%E8%AE%A1-%E8%89%BA%E6%9C%AF%E6%8B%8D%E5%8D%96-%E7%95%8C%E9%9D%A2%E8%A7%86%E8%A7%89%E8%AE%BE%E8%AE%A1/</guid>
      <description>Project Review： 2015年为所服务的艺术品拍卖公司设计的拍卖系统界面。那个时候，并没有小程序，很多的App甚至都并不成熟，伙同程序员同事怀着对艺术的一腔热情开始</description>
    </item>
    
    <item>
      <title>天然奇瑰 女性艺术项目</title>
      <link>http://www.taosei.com/blog/%E8%A7%86%E8%A7%89%E8%AE%BE%E8%AE%A1%E5%A4%A9%E7%84%B6%E5%A5%87%E7%91%B0-%E5%A5%B3%E6%80%A7%E8%89%BA%E6%9C%AF%E9%A1%B9%E7%9B%AE/</link>
      <pubDate>Thu, 05 Mar 2020 10:34:08 +0800</pubDate>
      
      <guid>http://www.taosei.com/blog/%E8%A7%86%E8%A7%89%E8%AE%BE%E8%AE%A1%E5%A4%A9%E7%84%B6%E5%A5%87%E7%91%B0-%E5%A5%B3%E6%80%A7%E8%89%BA%E6%9C%AF%E9%A1%B9%E7%9B%AE/</guid>
      <description>黑夜给了我黑色的眼睛，我却用它寻找光明 Art Project Review： 我用镜头和画笔跟随了这五位艺术家近一年时间，看到她们的爱与怕，也看到她们透过艺术去理解生命、生活和灵魂。</description>
    </item>
    
    <item>
      <title>「广告文案」 初见印心</title>
      <link>http://www.taosei.com/blog/%E5%B9%BF%E5%91%8A%E6%96%87%E6%A1%88-%E5%88%9D%E8%A7%81%E5%8D%B0%E5%BF%83/</link>
      <pubDate>Thu, 05 Mar 2020 10:06:32 +0800</pubDate>
      
      <guid>http://www.taosei.com/blog/%E5%B9%BF%E5%91%8A%E6%96%87%E6%A1%88-%E5%88%9D%E8%A7%81%E5%8D%B0%E5%BF%83/</guid>
      <description>南方有嘉木——茶字拆开，就是人在草木之间 茶的起源最早在四川，在西汉文件中就有记载茶叶市场。饮茶习惯源于西南。 宜室宜家、雅俗共赏，饮茶古来就是世俗生活的日常。 琴棋</description>
    </item>
    
    <item>
      <title>「广告文案」 阿黄带路寻好物系列</title>
      <link>http://www.taosei.com/blog/%E5%B9%BF%E5%91%8A%E6%96%87%E6%A1%88%E9%98%BF%E9%BB%84%E5%B8%A6%E8%B7%AF%E5%AF%BB%E5%A5%BD%E7%89%A9%E7%B3%BB%E5%88%97/</link>
      <pubDate>Thu, 05 Mar 2020 09:44:31 +0800</pubDate>
      
      <guid>http://www.taosei.com/blog/%E5%B9%BF%E5%91%8A%E6%96%87%E6%A1%88%E9%98%BF%E9%BB%84%E5%B8%A6%E8%B7%AF%E5%AF%BB%E5%A5%BD%E7%89%A9%E7%B3%BB%E5%88%97/</guid>
      <description>一如鸡往寻好味 时值深秋，阿黄受够了伤秋的悲思，思友之心渐起，打飞的跑到海南文昌潭牛镇。 走南闯北几十载，阿黄不说见了多少世面，朋友(鸡友)肯定是不少。当年混在一起</description>
    </item>
    
    <item>
      <title>一口气吞山河</title>
      <link>http://www.taosei.com/blog/%E8%A7%86%E8%A7%89%E8%AE%BE%E8%AE%A1%E4%B8%80%E5%8F%A3%E6%B0%94%E5%90%9E%E5%B1%B1%E6%B2%B3/</link>
      <pubDate>Thu, 05 Mar 2020 09:34:04 +0800</pubDate>
      
      <guid>http://www.taosei.com/blog/%E8%A7%86%E8%A7%89%E8%AE%BE%E8%AE%A1%E4%B8%80%E5%8F%A3%E6%B0%94%E5%90%9E%E5%B1%B1%E6%B2%B3/</guid>
      <description>这是一个创意公司对于传统月饼礼盒的思考与创新 从概念创意，从文案到视觉；再到产品、包装结构设计；从产品品质选择与把控到产品视觉呈现的一个完整流程尝试。以月为灵感，</description>
    </item>
    
    <item>
      <title>「广告文案」 不时 不食</title>
      <link>http://www.taosei.com/blog/%E5%B9%BF%E5%91%8A%E6%96%87%E6%A1%88%E4%B8%8D%E6%97%B6-%E4%B8%8D%E9%A3%9F/</link>
      <pubDate>Thu, 05 Mar 2020 09:28:47 +0800</pubDate>
      
      <guid>http://www.taosei.com/blog/%E5%B9%BF%E5%91%8A%E6%96%87%E6%A1%88%E4%B8%8D%E6%97%B6-%E4%B8%8D%E9%A3%9F/</guid>
      <description>万物皆有时 生有时 长有时 食有时 食物是为数不多自然与社会的触点，所以我们坚持脚踏实地走进山野寻找最原始的美味。 对于食物，我们有我们的坚持。比如，不突破时间的节律去提</description>
    </item>
    
    <item>
      <title>「广告文案」 相见岁末封藏大典</title>
      <link>http://www.taosei.com/blog/%E5%B9%BF%E5%91%8A%E6%96%87%E6%A1%88-%E7%9B%B8%E8%A7%81%E5%B2%81%E6%9C%AB%E5%B0%81%E8%97%8F%E5%A4%A7%E5%85%B8/</link>
      <pubDate>Thu, 05 Mar 2020 09:07:23 +0800</pubDate>
      
      <guid>http://www.taosei.com/blog/%E5%B9%BF%E5%91%8A%E6%96%87%E6%A1%88-%E7%9B%B8%E8%A7%81%E5%B2%81%E6%9C%AB%E5%B0%81%E8%97%8F%E5%A4%A7%E5%85%B8/</guid>
      <description>岁末相见：乡村味、乡村情、一席美味聚乡民 “相见不大，有茶则名。人不在多，民淳则灵。斯是陋室，惟简德馨。村舍庇寒士，茶堂聚雅客。谈笑有鸿儒，往来皆白丁。可以品野茶</description>
    </item>
    
    <item>
      <title>诗  何必途中相见</title>
      <link>http://www.taosei.com/blog/%E8%AF%97-%E4%BD%95%E5%BF%85%E9%80%94%E4%B8%AD%E7%9B%B8%E8%A7%81/</link>
      <pubDate>Wed, 26 Feb 2020 17:18:04 +0800</pubDate>
      
      <guid>http://www.taosei.com/blog/%E8%AF%97-%E4%BD%95%E5%BF%85%E9%80%94%E4%B8%AD%E7%9B%B8%E8%A7%81/</guid>
      <description>佛光虹影 未知世人心 六道轮回十界苦 不问是缘是劫 语默动静 山野孤樵独酌 般若自在心间 何必途中相见</description>
    </item>
    
    <item>
      <title>After long silence 译 叶芝的诗</title>
      <link>http://www.taosei.com/blog/after-long-silence-/</link>
      <pubDate>Wed, 26 Feb 2020 16:02:27 +0800</pubDate>
      
      <guid>http://www.taosei.com/blog/after-long-silence-/</guid>
      <description>Speech after long silence; it is right, All other lovers being estranged or dead, Unfriendly lamplight hid under its shade, The curtains drawn upon unfriendly night, That we descant and yet again descant Upon the supreme theme of Art and Song: Bodily decrepitude is wisdom; young We loved each other and were ignorant. 沉默许久后 我们互相吐露心声 是的，曾经的爱人相互疏远和离</description>
    </item>
    
    <item>
      <title>So We’ll Go No More a Roving 译 拜伦的诗</title>
      <link>http://www.taosei.com/blog/so-well-go-no-more-a-roving-/</link>
      <pubDate>Sat, 11 Jan 2020 16:33:02 +0800</pubDate>
      
      <guid>http://www.taosei.com/blog/so-well-go-no-more-a-roving-/</guid>
      <description>浮世寻游已不再 拜伦 So, we&amp;rsquo;ll go no more a-roving So late into the night, Though the heart be still as loving, And the moon be still as bright. 浮世寻游已不再 夜深如幻 尽管内心依然有爱 尽管皓月依然明媚 For the sword outwears its sheath, And the soul wears out the breast, And the heart must pause to</description>
    </item>
    
    <item>
      <title>夸道治百病</title>
      <link>http://www.taosei.com/blog/%E5%A4%B8%E9%81%93%E6%B2%BB%E7%99%BE%E7%97%85/</link>
      <pubDate>Wed, 01 Jan 2020 15:26:01 +0800</pubDate>
      
      <guid>http://www.taosei.com/blog/%E5%A4%B8%E9%81%93%E6%B2%BB%E7%99%BE%E7%97%85/</guid>
      <description>出将入相，天地君亲师、仁义礼智信； 足不出户，妇道、夫道、子女道； 修身、齐家、治国平天下。修身且不论，治天下与小老百姓相去甚远，难点还是在齐家，你我皆如此。 窃以为</description>
    </item>
    
    <item>
      <title>译 辛波斯卡的诗 love at first sight</title>
      <link>http://www.taosei.com/blog/love-at-first-sight/</link>
      <pubDate>Tue, 29 Oct 2019 10:07:47 +0600</pubDate>
      
      <guid>http://www.taosei.com/blog/love-at-first-sight/</guid>
      <description>Love at First Sight by Wislawa Szymborska They both thought that a sudden feeling had united them This certainty is beautiful, Even more beautiful than uncertainty. They thought they didn&amp;rsquo;t know each other, nothing had ever happened between them 他们彼此相信，是瞬间迸发的热情让他们相遇 这种确信是美好的 而变幻无常却更为美好 他们认</description>
    </item>
    
    <item>
      <title>诗  老去的诗人和迟来的乌尔里卡</title>
      <link>http://www.taosei.com/blog/%E8%AF%97-%E8%80%81%E5%8E%BB%E7%9A%84%E8%AF%97%E4%BA%BA%E5%92%8C%E8%BF%9F%E6%9D%A5%E7%9A%84%E4%B9%8C%E5%B0%94%E9%87%8C%E5%8D%A1/</link>
      <pubDate>Thu, 23 May 2019 17:39:08 +0800</pubDate>
      
      <guid>http://www.taosei.com/blog/%E8%AF%97-%E8%80%81%E5%8E%BB%E7%9A%84%E8%AF%97%E4%BA%BA%E5%92%8C%E8%BF%9F%E6%9D%A5%E7%9A%84%E4%B9%8C%E5%B0%94%E9%87%8C%E5%8D%A1/</guid>
      <description>乌尔里卡来的太晚 晚到诗人盲了双目 松弛了指节 迟来的乌尔里卡 如果他的眼没有盲 就会发现 你的面孔 美得像一首等待描绘的诗 时间如同沙漏的沙粒一般流逝 地老天荒的爱在幽暗中荡漾</description>
    </item>
    
    <item>
      <title>十年一觉芭蕾梦</title>
      <link>http://www.taosei.com/blog/%E5%8D%81%E5%B9%B4%E4%B8%80%E8%A7%89%E8%8A%AD%E8%95%BE%E6%A2%A6/</link>
      <pubDate>Mon, 17 Sep 2018 22:19:59 +0800</pubDate>
      
      <guid>http://www.taosei.com/blog/%E5%8D%81%E5%B9%B4%E4%B8%80%E8%A7%89%E8%8A%AD%E8%95%BE%E6%A2%A6/</guid>
      <description>缘起天鹅湖 第一次接触到真正意义上的芭蕾，那是在大学的课堂上。我们的专业课里⾯，有⼀⻔课叫做“舞蹈概论”，授课老师曾经是一名专业的芭蕾舞演员，她在课堂上给我们放了</description>
    </item>
    
    <item>
      <title>人物的塑造</title>
      <link>http://www.taosei.com/blog/%E4%BA%BA%E7%89%A9%E7%9A%84%E5%A1%91%E9%80%A0/</link>
      <pubDate>Mon, 02 Nov 2015 17:27:03 +0800</pubDate>
      
      <guid>http://www.taosei.com/blog/%E4%BA%BA%E7%89%A9%E7%9A%84%E5%A1%91%E9%80%A0/</guid>
      <description>上学的时候，学过一门编剧课，老师推荐了一本奇书——《故事》 很多好书都是貌不惊人，但是其中的智慧却实实在在让人欲罢不能。 人物真相只有当一个人处于压力之下做出选择时</description>
    </item>
    
    <item>
      <title>I like for you to be still 译聂鲁达的诗</title>
      <link>http://www.taosei.com/blog/i-like-for-you-to-be-still/</link>
      <pubDate>Wed, 09 Sep 2015 21:09:44 +0800</pubDate>
      
      <guid>http://www.taosei.com/blog/i-like-for-you-to-be-still/</guid>
      <description>I like for you to be still: it is as though you are absent and you hear me from far away and my voice does not touch you It seems as though your eyes had flown away and it seems that a kiss had sealed your mouth as all things are filled with my soul your emerge from the things, fill with my soul you are like my soul, a butterfly of dreams and you are like the word melancholy</description>
    </item>
    
    <item>
      <title>桃叶类卿</title>
      <link>http://www.taosei.com/blog/%E6%A1%83%E5%8F%B6%E7%B1%BB%E5%8D%BF/</link>
      <pubDate>Sun, 15 Dec 2013 17:46:16 +0800</pubDate>
      
      <guid>http://www.taosei.com/blog/%E6%A1%83%E5%8F%B6%E7%B1%BB%E5%8D%BF/</guid>
      <description>&amp;ldquo;桃叶复桃叶，渡江不用楫；但渡无所苦，我自迎接汝。&amp;rdquo; &amp;mdash;- 王献之《桃叶歌》 王献之(344-386)，字子敬。东晋著名书法家，王羲之第七子。 由</description>
    </item>
    
    <item>
      <title>I do not love you except because I love you 译 聂鲁达的诗</title>
      <link>http://www.taosei.com/blog/i-do-not-love-you-except-because-i-love-you/</link>
      <pubDate>Fri, 29 Nov 2013 16:33:27 +0800</pubDate>
      
      <guid>http://www.taosei.com/blog/i-do-not-love-you-except-because-i-love-you/</guid>
      <description>I do not love you except because I love you; I go from loving to not loving you, From waiting to not waiting for you My heart moves from cold to fire. 我不爱你，只因我曾深爱你 从爱你到不再爱你 从等待到不再等待 我的心从寒冷到温暖 I love you only because it&amp;rsquo;s you the one I love;</description>
    </item>
    
    <item>
      <title>笑红尘</title>
      <link>http://www.taosei.com/blog/%E7%AC%91%E7%BA%A2%E5%B0%98/</link>
      <pubDate>Tue, 26 Nov 2013 17:20:47 +0800</pubDate>
      
      <guid>http://www.taosei.com/blog/%E7%AC%91%E7%BA%A2%E5%B0%98/</guid>
      <description>最爱古龙，绝情之处见多情；绝不低头又自暴自弃；重酒重色亦重友情。 文字中但见简练，无一字缀语。 气度非凡，英雄落寞；小李飞刀成绝响，世间不见楚留香。 者边走，那边走，</description>
    </item>
    
    <item>
      <title>And it was at that age ... Poetry arrived 译 聂鲁达的诗</title>
      <link>http://www.taosei.com/blog/and-it-was-at-that-age-...-poetry-arrived/</link>
      <pubDate>Tue, 26 Nov 2013 16:50:03 +0800</pubDate>
      
      <guid>http://www.taosei.com/blog/and-it-was-at-that-age-...-poetry-arrived/</guid>
      <description>And it was at that age &amp;hellip; Poetry arrived in search of me. I don&amp;rsquo;t know, I don&amp;rsquo;t know where it came from, from winter or a river. I don&amp;rsquo;t know how or when, no they were not voices, they were not. words, nor silence, but from a street I was summoned, from the branches of night, abruptly from the others, among violent fires, or returning alone, there I was without a face and it touched me. 那年那</description>
    </item>
    
    <item>
      <title>第八号当铺</title>
      <link>http://www.taosei.com/blog/%E7%AC%AC%E5%85%AB%E5%8F%B7%E5%BD%93%E9%93%BA/</link>
      <pubDate>Sat, 23 Nov 2013 21:23:50 +0800</pubDate>
      
      <guid>http://www.taosei.com/blog/%E7%AC%AC%E5%85%AB%E5%8F%B7%E5%BD%93%E9%93%BA/</guid>
      <description>如果世界是平衡的话，那么得到任何东西就意味着牺牲了同样多的东西。 传说中有个第八号当铺，在那里，你可以典当你的一切所有，包括生命，亲情和爱情。 有的人为了扬名立万当</description>
    </item>
    
    <item>
      <title>when you are old 译 叶芝的诗</title>
      <link>http://www.taosei.com/blog/when-you-are-old/</link>
      <pubDate>Sat, 26 Oct 2013 17:02:09 +0800</pubDate>
      
      <guid>http://www.taosei.com/blog/when-you-are-old/</guid>
      <description>When you are old and grey and full of sleep, And nodding by the fire, take down this book, And slowly read, and dream of the soft look Your eyes had once, and of their shadows deep; How many loved your moments of glad grace, And loved your beauty with love false or true, But one man loved the pilgrim Soul in you, And loved the sorrows of your changing face; And bending down beside the glowing bars, Murmur, a</description>
    </item>
    
    <item>
      <title>How to grow old 译 罗素的文字</title>
      <link>http://www.taosei.com/blog/how-to-grow-old-/</link>
      <pubDate>Tue, 26 Feb 2013 17:06:52 +0800</pubDate>
      
      <guid>http://www.taosei.com/blog/how-to-grow-old-/</guid>
      <description>原文 “Until bit by bit the walls of the ego recede, and your life become increasingly merged in the universal life, and rushing passionately past boulders and over waterfalls. Gradually the river grows wider, the banks recede, the waters flow more quietly, and in the end. Without any visible break, they become merged in the ocean, and painlessly lose their individual being. The man who, in old age, can see his life in this</description>
    </item>
    
    <item>
      <title>诗 散行北海</title>
      <link>http://www.taosei.com/blog/%E8%AF%97-%E6%95%A3%E8%A1%8C%E5%8C%97%E6%B5%B7/</link>
      <pubDate>Mon, 01 Oct 2012 13:12:32 +0800</pubDate>
      
      <guid>http://www.taosei.com/blog/%E8%AF%97-%E6%95%A3%E8%A1%8C%E5%8C%97%E6%B5%B7/</guid>
      <description>秋风未肃绿未夭 柔光抚柳影窈窕 白塔残荷遥相对 孤舟泊岸绿水悄 曾经在北海边上，故宫后面的一个大院里工作过短暂的一段时间。在一个庞大机构中工作，感受到的是无比的不自在。</description>
    </item>
    
    <item>
      <title>Here I love you  译聂鲁达的诗</title>
      <link>http://www.taosei.com/blog/here-i-love-you/</link>
      <pubDate>Sat, 01 Oct 2011 15:05:04 +0800</pubDate>
      
      <guid>http://www.taosei.com/blog/here-i-love-you/</guid>
      <description>Here I love you. In the dark pines the wind disentangles itself. The moon glows like phosphorus on the vagrant waters. Days, all one kind, go chasing each other. The snow unfurls in dancing figures. A silver gull slips down from the west. Sometimes a sail. High, high stars. Oh the black cross of a ship. Alone. 我在这里爱你 在树影婆娑的昏暗中放开自己 如月光映</description>
    </item>
    
    <item>
      <title>诗  灵魂中的另一个你</title>
      <link>http://www.taosei.com/blog/%E8%AF%97-%E7%81%B5%E9%AD%82%E4%B8%AD%E7%9A%84%E5%8F%A6%E4%B8%80%E4%B8%AA%E4%BD%A0/</link>
      <pubDate>Sat, 06 Nov 2010 17:16:19 +0800</pubDate>
      
      <guid>http://www.taosei.com/blog/%E8%AF%97-%E7%81%B5%E9%AD%82%E4%B8%AD%E7%9A%84%E5%8F%A6%E4%B8%80%E4%B8%AA%E4%BD%A0/</guid>
      <description>灵魂中的另一个你 我的血液里流淌着无数人的生命 只要稍稍用心便能全部想起 缘自血液的爱 牵动了每一根神经 前尘往事轮回在心里 牵扯不断的回忆 仿佛躯体之中还有另外一个你 从来不</description>
    </item>
    
    <item>
      <title>2019 写字游戏 Review  （上）</title>
      <link>http://www.taosei.com/blog/2019-%E5%86%99%E5%AD%97%E6%B8%B8%E6%88%8F-review%E4%B8%8A/</link>
      <pubDate>Mon, 01 Jan 0001 00:00:00 +0000</pubDate>
      
      <guid>http://www.taosei.com/blog/2019-%E5%86%99%E5%AD%97%E6%B8%B8%E6%88%8F-review%E4%B8%8A/</guid>
      <description>2019，走南闯北到处奔波的一年，笔墨是我安放内心的小宇宙，旅途幸苦，幸有笔墨随我悠游～</description>
    </item>
    
    <item>
      <title>2019 写字游戏 Review （下）</title>
      <link>http://www.taosei.com/blog/2019-%E5%86%99%E5%AD%97%E6%B8%B8%E6%88%8F-review-%E4%B8%8B/</link>
      <pubDate>Mon, 01 Jan 0001 00:00:00 +0000</pubDate>
      
      <guid>http://www.taosei.com/blog/2019-%E5%86%99%E5%AD%97%E6%B8%B8%E6%88%8F-review-%E4%B8%8B/</guid>
      <description>于浩瀚书海，我对临帖的态度是，人尽可夫～</description>
    </item>
    
    <item>
      <title>「广告文案」历经春夏如一日</title>
      <link>http://www.taosei.com/blog/%E5%B9%BF%E5%91%8A%E6%96%87%E6%A1%88%E5%8E%86%E7%BB%8F%E6%98%A5%E5%A4%8F%E5%A6%82%E4%B8%80%E6%97%A5/</link>
      <pubDate>Mon, 01 Jan 0001 00:00:00 +0000</pubDate>
      
      <guid>http://www.taosei.com/blog/%E5%B9%BF%E5%91%8A%E6%96%87%E6%A1%88%E5%8E%86%E7%BB%8F%E6%98%A5%E5%A4%8F%E5%A6%82%E4%B8%80%E6%97%A5/</guid>
      <description>谁曰宋远 沿着运河水 穿过茶山 闻见花香 问道禅寺 寻找新宋式风雅的遗迹 城市的喧嚣 带不走内心 归园田居的向往 行色匆匆的背后 是无数颗盼望回头的归心 且慢 让灵魂跟上脚步 有时 攀登高</description>
    </item>
    
  </channel>
</rss>