<?xml version="1.0" encoding="utf-8" standalone="yes"?>
<rss version="2.0" xmlns:atom="http://www.w3.org/2005/Atom">
  <channel>
    <title>广告文案 on 美能拯救世界</title>
    <link>http://www.taosei.com/tags/%E5%B9%BF%E5%91%8A%E6%96%87%E6%A1%88/</link>
    <description>Recent content in 广告文案 on 美能拯救世界</description>
    <generator>Hugo -- gohugo.io</generator>
    <language>zh-CN</language>
    <lastBuildDate>Sat, 14 Mar 2020 17:42:55 +0800</lastBuildDate>
    
	<atom:link href="http://www.taosei.com/tags/%E5%B9%BF%E5%91%8A%E6%96%87%E6%A1%88/index.xml" rel="self" type="application/rss+xml" />
    
    
    <item>
      <title>在滚滚红尘中温润你的日子</title>
      <link>http://www.taosei.com/blog/%E5%B9%BF%E5%91%8A%E6%96%87%E6%A1%88%E5%9C%A8%E6%BB%9A%E6%BB%9A%E7%BA%A2%E5%B0%98%E4%B8%AD%E6%B8%A9%E6%B6%A6%E4%BD%A0%E7%9A%84%E6%97%A5%E5%AD%90/</link>
      <pubDate>Sat, 14 Mar 2020 17:42:55 +0800</pubDate>
      
      <guid>http://www.taosei.com/blog/%E5%B9%BF%E5%91%8A%E6%96%87%E6%A1%88%E5%9C%A8%E6%BB%9A%E6%BB%9A%E7%BA%A2%E5%B0%98%E4%B8%AD%E6%B8%A9%E6%B6%A6%E4%BD%A0%E7%9A%84%E6%97%A5%E5%AD%90/</guid>
      <description>这个时代变化太快，棱角太锋利，我们都像被加速了一般，掉进这个时代的滚滚红尘中。越来越感觉到，时间似乎不是匀速的，它应该是以某一种加速度不断地呈指数型流失。 小时候</description>
    </item>
    
    <item>
      <title>「广告文案」 初见印心</title>
      <link>http://www.taosei.com/blog/%E5%B9%BF%E5%91%8A%E6%96%87%E6%A1%88-%E5%88%9D%E8%A7%81%E5%8D%B0%E5%BF%83/</link>
      <pubDate>Thu, 05 Mar 2020 10:06:32 +0800</pubDate>
      
      <guid>http://www.taosei.com/blog/%E5%B9%BF%E5%91%8A%E6%96%87%E6%A1%88-%E5%88%9D%E8%A7%81%E5%8D%B0%E5%BF%83/</guid>
      <description>南方有嘉木——茶字拆开，就是人在草木之间 茶的起源最早在四川，在西汉文件中就有记载茶叶市场。饮茶习惯源于西南。 宜室宜家、雅俗共赏，饮茶古来就是世俗生活的日常。 琴棋</description>
    </item>
    
    <item>
      <title>「广告文案」 阿黄带路寻好物系列</title>
      <link>http://www.taosei.com/blog/%E5%B9%BF%E5%91%8A%E6%96%87%E6%A1%88%E9%98%BF%E9%BB%84%E5%B8%A6%E8%B7%AF%E5%AF%BB%E5%A5%BD%E7%89%A9%E7%B3%BB%E5%88%97/</link>
      <pubDate>Thu, 05 Mar 2020 09:44:31 +0800</pubDate>
      
      <guid>http://www.taosei.com/blog/%E5%B9%BF%E5%91%8A%E6%96%87%E6%A1%88%E9%98%BF%E9%BB%84%E5%B8%A6%E8%B7%AF%E5%AF%BB%E5%A5%BD%E7%89%A9%E7%B3%BB%E5%88%97/</guid>
      <description>一如鸡往寻好味 时值深秋，阿黄受够了伤秋的悲思，思友之心渐起，打飞的跑到海南文昌潭牛镇。 走南闯北几十载，阿黄不说见了多少世面，朋友(鸡友)肯定是不少。当年混在一起</description>
    </item>
    
    <item>
      <title>一口气吞山河</title>
      <link>http://www.taosei.com/blog/%E8%A7%86%E8%A7%89%E8%AE%BE%E8%AE%A1%E4%B8%80%E5%8F%A3%E6%B0%94%E5%90%9E%E5%B1%B1%E6%B2%B3/</link>
      <pubDate>Thu, 05 Mar 2020 09:34:04 +0800</pubDate>
      
      <guid>http://www.taosei.com/blog/%E8%A7%86%E8%A7%89%E8%AE%BE%E8%AE%A1%E4%B8%80%E5%8F%A3%E6%B0%94%E5%90%9E%E5%B1%B1%E6%B2%B3/</guid>
      <description>这是一个创意公司对于传统月饼礼盒的思考与创新 从概念创意，从文案到视觉；再到产品、包装结构设计；从产品品质选择与把控到产品视觉呈现的一个完整流程尝试。以月为灵感，</description>
    </item>
    
    <item>
      <title>「广告文案」 不时 不食</title>
      <link>http://www.taosei.com/blog/%E5%B9%BF%E5%91%8A%E6%96%87%E6%A1%88%E4%B8%8D%E6%97%B6-%E4%B8%8D%E9%A3%9F/</link>
      <pubDate>Thu, 05 Mar 2020 09:28:47 +0800</pubDate>
      
      <guid>http://www.taosei.com/blog/%E5%B9%BF%E5%91%8A%E6%96%87%E6%A1%88%E4%B8%8D%E6%97%B6-%E4%B8%8D%E9%A3%9F/</guid>
      <description>万物皆有时 生有时 长有时 食有时 食物是为数不多自然与社会的触点，所以我们坚持脚踏实地走进山野寻找最原始的美味。 对于食物，我们有我们的坚持。比如，不突破时间的节律去提</description>
    </item>
    
    <item>
      <title>「广告文案」 相见岁末封藏大典</title>
      <link>http://www.taosei.com/blog/%E5%B9%BF%E5%91%8A%E6%96%87%E6%A1%88-%E7%9B%B8%E8%A7%81%E5%B2%81%E6%9C%AB%E5%B0%81%E8%97%8F%E5%A4%A7%E5%85%B8/</link>
      <pubDate>Thu, 05 Mar 2020 09:07:23 +0800</pubDate>
      
      <guid>http://www.taosei.com/blog/%E5%B9%BF%E5%91%8A%E6%96%87%E6%A1%88-%E7%9B%B8%E8%A7%81%E5%B2%81%E6%9C%AB%E5%B0%81%E8%97%8F%E5%A4%A7%E5%85%B8/</guid>
      <description>岁末相见：乡村味、乡村情、一席美味聚乡民 “相见不大，有茶则名。人不在多，民淳则灵。斯是陋室，惟简德馨。村舍庇寒士，茶堂聚雅客。谈笑有鸿儒，往来皆白丁。可以品野茶</description>
    </item>
    
    <item>
      <title>「广告文案」历经春夏如一日</title>
      <link>http://www.taosei.com/blog/%E5%B9%BF%E5%91%8A%E6%96%87%E6%A1%88%E5%8E%86%E7%BB%8F%E6%98%A5%E5%A4%8F%E5%A6%82%E4%B8%80%E6%97%A5/</link>
      <pubDate>Mon, 01 Jan 0001 00:00:00 +0000</pubDate>
      
      <guid>http://www.taosei.com/blog/%E5%B9%BF%E5%91%8A%E6%96%87%E6%A1%88%E5%8E%86%E7%BB%8F%E6%98%A5%E5%A4%8F%E5%A6%82%E4%B8%80%E6%97%A5/</guid>
      <description>谁曰宋远 沿着运河水 穿过茶山 闻见花香 问道禅寺 寻找新宋式风雅的遗迹 城市的喧嚣 带不走内心 归园田居的向往 行色匆匆的背后 是无数颗盼望回头的归心 且慢 让灵魂跟上脚步 有时 攀登高</description>
    </item>
    
  </channel>
</rss>